line,mode,polls,fresh,stale_pct,rows_per_fresh_poll,rows_max,trains_per_fresh_poll,trains_max,ts_interval_p50,ts_interval_p90,age_p50,age_p90,dup_listings_pct
bakerloo,tube,8736,5716,34.57,167.2,319,16.7,27,44,75,11,43,4.131
central,tube,7989,5221,34.648,448.5,680,44.3,63,44,75,12,43,4.718
circle,tube,7515,4917,34.571,107.3,163,9.7,16,44,75,12,43,0.0
district,tube,7786,5094,34.575,380.2,587,47.5,75,44,75,12,43,10.633
dlr,dlr,7450,4874,34.577,258.1,286,112.2,137,44,75,12,43,0.0
elizabeth,elizabeth,8342,5461,34.536,1276.4,2001,90.6,142,44,75,12,43,0.3
hammersmith-city,tube,7586,4962,34.59,242.9,327,35.5,50,44,75,12,43,4.391
jubilee,tube,7668,5015,34.598,328.4,518,32.5,52,44,75,12,43,8.815
liberty,overground,6311,4143,34.353,14.0,21,7.4,9,44,75,12,43,0.0
lioness,overground,7855,5147,34.475,245.7,301,18.9,24,44,75,12,43,0.0
metropolitan,tube,8736,5716,34.57,181.1,336,31.4,67,44,75,11,43,16.914
mildmay,overground,7744,5073,34.491,659.1,932,51.7,76,44,75,12,43,0.013
northern,tube,7338,4798,34.614,727.3,968,66.2,85,44,75,12,43,6.328
piccadilly,tube,8736,5716,34.57,474.3,1355,42.9,69,44,75,11,43,9.768
rb1,other,6607,4337,34.357,42.2,65,7.4,11,44,75,13,43,0.0
rb6,other,6949,4555,34.451,40.8,66,7.5,13,44,75,13,43,0.0
suffragette,overground,7562,4954,34.488,160.0,203,17.3,22,44,75,12,43,0.001
tram,tram,7838,5118,34.703,173.7,268,19.9,28,44,75,12,43,0.166
victoria,tube,7792,5108,34.446,131.1,216,16.0,25,44,75,12,43,11.173
waterloo-city,tube,6459,4231,34.495,3.3,9,2.1,5,44,79,13,43,35.359
weaver,overground,7877,5163,34.455,334.3,489,35.6,52,44,75,12,43,0.006
windrush,overground,7761,5081,34.532,836.2,1062,71.5,88,44,75,12,43,0.031
