line,local_time,polls,rows_mean,trains_max
bakerloo,00:00,39,158.4,17
bakerloo,00:10,38,148.3,19
bakerloo,00:20,35,97.0,14
bakerloo,00:30,39,57.9,11
bakerloo,00:40,40,40.9,6
bakerloo,00:50,38,31.5,4
bakerloo,01:00,37,30.4,3
bakerloo,01:10,38,37.6,4
bakerloo,01:20,38,36.7,5
bakerloo,01:30,37,35.0,6
bakerloo,01:40,36,37.8,4
bakerloo,01:50,41,37.8,4
bakerloo,02:00,38,37.6,5
bakerloo,02:10,39,38.1,5
bakerloo,02:20,40,38.4,5
bakerloo,02:30,36,35.4,5
bakerloo,02:40,45,37.1,5
bakerloo,02:50,35,38.3,5
bakerloo,03:00,40,36.7,5
bakerloo,03:10,41,39.9,5
bakerloo,03:20,42,43.7,5
bakerloo,03:30,42,42.0,5
bakerloo,03:40,37,41.1,5
bakerloo,03:50,45,38.5,7
bakerloo,04:00,40,37.9,5
bakerloo,04:10,36,36.2,5
bakerloo,04:20,41,34.6,6
bakerloo,04:30,36,29.7,5
bakerloo,04:40,41,29.2,3
bakerloo,04:50,38,33.0,5
bakerloo,05:00,42,31.8,4
bakerloo,05:10,37,33.4,5
bakerloo,05:20,37,44.1,8
bakerloo,05:30,41,71.0,9
bakerloo,05:40,37,92.6,10
bakerloo,05:50,37,110.1,13
bakerloo,06:00,35,130.7,13
bakerloo,06:10,36,136.4,13
bakerloo,06:20,40,148.1,16
bakerloo,06:30,40,191.7,19
bakerloo,06:40,39,195.4,22
bakerloo,06:50,39,204.4,23
bakerloo,07:00,40,210.9,22
bakerloo,07:10,43,210.4,23
bakerloo,07:20,40,224.1,25
bakerloo,07:30,41,225.3,25
bakerloo,07:40,39,220.6,24
bakerloo,07:50,29,227.3,25
bakerloo,08:00,26,227.2,25
bakerloo,08:10,26,231.9,24
bakerloo,08:20,27,238.5,25
bakerloo,08:30,25,222.2,25
bakerloo,08:40,22,216.1,24
bakerloo,08:50,29,229.0,24
bakerloo,09:00,25,228.4,24
bakerloo,09:10,23,231.5,25
bakerloo,09:20,30,239.0,24
bakerloo,09:30,35,225.8,25
bakerloo,09:40,38,215.7,24
bakerloo,09:50,40,219.7,24
bakerloo,10:00,37,205.7,23
bakerloo,10:10,33,213.0,23
bakerloo,10:20,38,220.0,24
bakerloo,10:30,37,212.8,23
bakerloo,10:40,43,210.7,23
bakerloo,10:50,42,219.9,24
bakerloo,11:00,37,211.6,22
bakerloo,11:10,42,213.6,23
bakerloo,11:20,40,207.5,22
bakerloo,11:30,38,207.7,22
bakerloo,11:40,35,205.9,23
bakerloo,11:50,39,211.3,23
bakerloo,12:00,35,212.7,24
bakerloo,12:10,43,213.1,23
bakerloo,12:20,42,211.9,23
bakerloo,12:30,42,207.6,23
bakerloo,12:40,39,213.6,22
bakerloo,12:50,41,209.9,22
bakerloo,13:00,39,207.7,22
bakerloo,13:10,41,212.0,22
bakerloo,13:20,37,206.6,23
bakerloo,13:30,40,204.8,23
bakerloo,13:40,44,210.8,22
bakerloo,13:50,39,210.5,23
bakerloo,14:00,38,208.6,23
bakerloo,14:10,38,212.5,22
bakerloo,14:20,39,211.6,22
bakerloo,14:30,40,209.9,23
bakerloo,14:40,35,213.4,23
bakerloo,14:50,41,208.2,22
bakerloo,15:00,38,200.8,23
bakerloo,15:10,39,204.3,22
bakerloo,15:20,40,201.8,22
bakerloo,15:30,39,201.0,22
bakerloo,15:40,35,210.8,22
bakerloo,15:50,39,210.3,22
bakerloo,16:00,37,216.3,24
bakerloo,16:10,38,233.7,24
bakerloo,16:20,32,227.0,23
bakerloo,16:30,47,218.7,25
bakerloo,16:40,56,213.9,24
bakerloo,16:50,61,220.3,25
bakerloo,17:00,52,220.2,25
bakerloo,17:10,52,222.9,26
bakerloo,17:20,53,225.2,27
bakerloo,17:30,54,216.7,27
bakerloo,17:40,48,206.4,27
bakerloo,17:50,41,217.7,25
bakerloo,18:00,44,221.2,26
bakerloo,18:10,34,222.2,25
bakerloo,18:20,43,208.1,27
bakerloo,18:30,39,202.8,25
bakerloo,18:40,44,207.5,24
bakerloo,18:50,43,208.3,25
bakerloo,19:00,44,194.7,25
bakerloo,19:10,43,204.5,23
bakerloo,19:20,32,212.3,24
bakerloo,19:30,29,210.3,23
bakerloo,19:40,32,210.3,23
bakerloo,19:50,28,194.1,23
bakerloo,20:00,34,197.1,22
bakerloo,20:10,38,207.0,22
bakerloo,20:20,37,206.6,24
bakerloo,20:30,38,206.5,22
bakerloo,20:40,39,202.2,23
bakerloo,20:50,38,185.0,23
bakerloo,21:00,42,195.7,23
bakerloo,21:10,39,205.0,22
bakerloo,21:20,40,201.8,23
bakerloo,21:30,39,193.4,22
bakerloo,21:40,49,192.7,22
bakerloo,21:50,53,189.7,22
bakerloo,22:00,55,192.9,23
bakerloo,22:10,52,200.9,22
bakerloo,22:20,54,204.2,22
bakerloo,22:30,48,192.6,22
bakerloo,22:40,54,191.7,22
bakerloo,22:50,51,189.0,22
bakerloo,23:00,54,179.4,21
bakerloo,23:10,47,174.3,20
bakerloo,23:20,56,158.7,20
bakerloo,23:30,47,153.0,18
bakerloo,23:40,37,160.4,17
bakerloo,23:50,39,153.1,17
central,00:00,39,292.6,32
central,00:10,38,253.3,29
central,00:20,35,189.6,26
central,00:30,39,132.5,21
central,00:40,40,95.5,19
central,00:50,38,52.3,14
central,01:00,37,31.2,9
central,01:10,38,12.9,6
central,01:20,34,7.1,3
central,01:30,32,6.7,2
central,01:40,23,7.8,1
central,01:50,25,7.7,1
central,02:00,12,1.0,1
central,02:10,14,1.0,1
central,02:20,12,1.0,1
central,02:30,11,1.0,1
central,02:40,17,1.0,1
central,02:50,14,1.0,1
central,03:00,13,1.0,1
central,03:10,12,1.0,1
central,03:20,13,1.0,1
central,03:30,14,1.0,1
central,03:40,11,1.0,1
central,03:50,19,1.0,1
central,04:00,13,1.0,1
central,04:10,13,1.0,1
central,04:20,16,1.0,1
central,04:30,12,1.0,1
central,04:40,13,1.0,1
central,04:50,30,4.3,2
central,05:00,38,3.7,3
central,05:10,37,18.0,7
central,05:20,37,49.6,11
central,05:30,41,99.4,16
central,05:40,37,153.6,22
central,05:50,37,242.8,28
central,06:00,35,311.7,34
central,06:10,36,354.4,38
central,06:20,40,390.1,43
central,06:30,40,417.6,44
central,06:40,39,454.6,45
central,06:50,39,486.7,50
central,07:00,40,498.9,51
central,07:10,43,524.8,55
central,07:20,40,519.9,53
central,07:30,41,534.1,58
central,07:40,39,548.0,61
central,07:50,29,553.9,58
central,08:00,26,569.2,58
central,08:10,26,598.2,59
central,08:20,27,609.8,60
central,08:30,25,604.0,60
central,08:40,22,589.4,59
central,08:50,29,568.1,60
central,09:00,25,542.6,58
central,09:10,23,544.4,58
central,09:20,30,556.8,59
central,09:30,35,588.7,61
central,09:40,38,577.1,59
central,09:50,40,585.3,60
central,10:00,37,581.5,59
central,10:10,33,563.6,63
central,10:20,38,533.4,59
central,10:30,37,525.1,58
central,10:40,43,521.3,57
central,10:50,42,537.0,58
central,11:00,37,532.8,56
central,11:10,42,534.7,56
central,11:20,40,517.5,57
central,11:30,38,544.8,58
central,11:40,35,545.5,58
central,11:50,39,540.4,58
central,12:00,35,535.6,56
central,12:10,43,544.1,57
central,12:20,42,530.8,56
central,12:30,42,536.8,58
central,12:40,39,521.0,56
central,12:50,41,546.1,58
central,13:00,39,554.3,57
central,13:10,41,560.1,58
central,13:20,37,530.3,56
central,13:30,40,541.1,58
central,13:40,44,521.1,55
central,13:50,39,542.5,57
central,14:00,38,554.5,58
central,14:10,38,562.8,57
central,14:20,39,546.8,55
central,14:30,40,532.1,57
central,14:40,35,524.7,57
central,14:50,41,522.0,56
central,15:00,38,525.3,56
central,15:10,39,549.9,56
central,15:20,40,544.6,58
central,15:30,39,545.6,58
central,15:40,35,551.3,58
central,15:50,39,560.6,60
central,16:00,37,536.5,57
central,16:10,38,552.6,61
central,16:20,32,548.4,58
central,16:30,47,591.5,62
central,16:40,56,593.3,63
central,16:50,61,588.4,62
central,17:00,52,577.4,60
central,17:10,52,577.5,62
central,17:20,53,573.2,60
central,17:30,54,582.1,62
central,17:40,48,609.5,62
central,17:50,41,608.5,63
central,18:00,44,560.5,59
central,18:10,34,560.9,62
central,18:20,43,561.9,58
central,18:30,39,564.4,62
central,18:40,44,553.9,58
central,18:50,43,556.8,61
central,19:00,44,540.3,61
central,19:10,43,565.7,63
central,19:20,32,564.0,59
central,19:30,29,565.3,60
central,19:40,32,545.2,58
central,19:50,28,540.6,57
central,20:00,34,544.0,57
central,20:10,38,533.8,58
central,20:20,37,515.1,56
central,20:30,38,518.1,56
central,20:40,39,503.0,53
central,20:50,38,505.1,55
central,21:00,42,503.1,54
central,21:10,39,526.1,55
central,21:20,40,528.1,54
central,21:30,39,545.6,56
central,21:40,49,516.2,56
central,21:50,53,512.2,56
central,22:00,55,524.8,55
central,22:10,52,526.1,55
central,22:20,54,510.3,53
central,22:30,48,502.5,52
central,22:40,54,483.4,52
central,22:50,51,476.1,52
central,23:00,54,446.3,52
central,23:10,47,422.5,46
central,23:20,56,401.8,44
central,23:30,47,373.1,44
central,23:40,37,341.1,38
central,23:50,39,317.9,36
circle,00:00,39,63.6,9
circle,00:10,38,43.7,7
circle,00:20,35,36.0,6
circle,00:30,39,23.7,4
circle,00:40,40,16.0,3
circle,00:50,38,12.2,2
circle,01:00,37,7.5,2
circle,01:10,20,2.5,1
circle,04:30,4,9.8,1
circle,04:40,41,12.7,1
circle,04:50,38,12.9,1
circle,05:00,42,20.7,3
circle,05:10,37,30.1,4
circle,05:20,37,47.2,7
circle,05:30,41,80.5,10
circle,05:40,37,93.5,10
circle,05:50,37,101.4,12
circle,06:00,35,120.3,13
circle,06:10,36,117.4,13
circle,06:20,40,115.7,12
circle,06:30,40,106.4,12
circle,06:40,39,105.2,11
circle,06:50,39,107.4,11
circle,07:00,40,112.3,12
circle,07:10,43,104.0,12
circle,07:20,40,105.1,12
circle,07:30,41,113.3,12
circle,07:40,39,121.4,13
circle,07:50,29,111.6,13
circle,08:00,26,106.0,12
circle,08:10,26,104.4,12
circle,08:20,27,93.6,12
circle,08:30,25,104.7,12
circle,08:40,22,110.9,12
circle,08:50,29,110.2,12
circle,09:00,25,113.6,12
circle,09:10,23,118.9,13
circle,09:20,30,114.6,13
circle,09:30,35,117.5,12
circle,09:40,38,125.4,13
circle,09:50,40,129.1,13
circle,10:00,37,124.7,12
circle,10:10,33,114.6,12
circle,10:20,38,113.7,12
circle,10:30,37,124.1,12
circle,10:40,43,125.3,13
circle,10:50,42,123.2,12
circle,11:00,37,124.1,12
circle,11:10,42,132.0,14
circle,11:20,40,129.8,14
circle,11:30,38,127.1,13
circle,11:40,35,119.8,12
circle,11:50,39,118.2,12
circle,12:00,35,116.7,12
circle,12:10,43,116.7,12
circle,12:20,42,119.3,12
circle,12:30,42,118.2,12
circle,12:40,39,121.9,12
circle,12:50,41,120.1,12
circle,13:00,39,124.8,13
circle,13:10,41,126.2,12
circle,13:20,37,126.5,13
circle,13:30,40,119.7,12
circle,13:40,44,122.2,12
circle,13:50,39,119.6,12
circle,14:00,38,113.3,12
circle,14:10,38,114.4,12
circle,14:20,39,119.2,12
circle,14:30,40,119.5,12
circle,14:40,35,117.6,12
circle,14:50,41,122.6,12
circle,15:00,38,119.0,12
circle,15:10,39,111.9,12
circle,15:20,40,112.2,12
circle,15:30,39,110.6,13
circle,15:40,35,118.1,13
circle,15:50,39,123.0,12
circle,16:00,37,124.6,13
circle,16:10,38,122.8,13
circle,16:20,32,129.3,12
circle,16:30,47,129.4,12
circle,16:40,56,118.1,12
circle,16:50,61,123.9,12
circle,17:00,52,121.9,13
circle,17:10,52,125.8,12
circle,17:20,53,131.6,13
circle,17:30,54,134.4,16
circle,17:40,48,125.1,16
circle,17:50,41,119.8,15
circle,18:00,44,120.3,13
circle,18:10,34,121.2,12
circle,18:20,43,125.0,13
circle,18:30,39,126.9,13
circle,18:40,44,126.6,12
circle,18:50,43,132.5,13
circle,19:00,44,121.0,12
circle,19:10,43,125.2,13
circle,19:20,32,130.9,12
circle,19:30,29,128.9,12
circle,19:40,32,131.2,12
circle,19:50,28,132.4,13
circle,20:00,34,129.9,13
circle,20:10,38,120.3,12
circle,20:20,37,110.2,12
circle,20:30,38,107.5,11
circle,20:40,39,104.9,11
circle,20:50,38,103.0,11
circle,21:00,42,111.0,11
circle,21:10,39,103.2,11
circle,21:20,40,104.6,11
circle,21:30,39,106.9,11
circle,21:40,49,103.7,10
circle,21:50,53,109.4,11
circle,22:00,55,111.5,11
circle,22:10,52,116.2,12
circle,22:20,54,111.9,12
circle,22:30,48,109.4,12
circle,22:40,54,106.3,11
circle,22:50,51,105.8,11
circle,23:00,54,107.7,11
circle,23:10,47,105.0,11
circle,23:20,56,107.6,11
circle,23:30,47,101.2,11
circle,23:40,37,90.8,10
circle,23:50,39,76.2,9
district,00:00,39,298.3,45
district,00:10,38,264.2,42
district,00:20,35,208.5,38
district,00:30,39,170.4,34
district,00:40,40,116.4,30
district,00:50,38,98.3,27
district,01:00,37,61.1,24
district,01:10,38,30.5,11
district,01:20,38,14.2,7
district,01:30,22,4.2,3
district,02:00,3,1.7,2
district,02:10,1,2.0,2
district,02:20,6,1.5,2
district,02:30,3,1.7,2
district,02:40,3,1.7,2
district,03:50,4,1.2,2
district,04:00,2,2.0,3
district,04:10,13,1.4,2
district,04:20,32,5.8,4
district,04:30,36,9.1,5
district,04:40,41,11.7,5
district,04:50,38,29.9,12
district,05:00,42,42.0,13
district,05:10,37,49.3,13
district,05:20,37,95.0,23
district,05:30,41,147.3,29
district,05:40,37,186.1,34
district,05:50,37,244.3,37
district,06:00,35,295.2,44
district,06:10,36,345.8,45
district,06:20,40,364.2,50
district,06:30,40,408.2,56
district,06:40,39,414.7,60
district,06:50,39,414.1,57
district,07:00,40,444.4,60
district,07:10,43,428.2,59
district,07:20,40,430.2,59
district,07:30,41,421.6,60
district,07:40,39,432.7,61
district,07:50,29,429.4,61
district,08:00,26,413.9,62
district,08:10,26,419.5,58
district,08:20,27,406.0,61
district,08:30,25,442.7,63
district,08:40,22,466.9,63
district,08:50,29,467.3,61
district,09:00,25,487.2,68
district,09:10,23,472.0,66
district,09:20,30,462.3,61
district,09:30,35,479.0,65
district,09:40,38,468.0,62
district,09:50,40,438.6,58
district,10:00,37,438.5,60
district,10:10,33,449.4,62
district,10:20,38,445.8,63
district,10:30,37,446.0,63
district,10:40,43,434.4,62
district,10:50,42,446.0,61
district,11:00,37,439.9,59
district,11:10,42,431.1,57
district,11:20,40,409.4,58
district,11:30,38,415.2,59
district,11:40,35,420.9,59
district,11:50,39,425.0,57
district,12:00,35,421.2,56
district,12:10,43,424.3,56
district,12:20,42,422.5,56
district,12:30,42,415.3,56
district,12:40,39,411.3,55
district,12:50,41,396.5,57
district,13:00,39,411.0,56
district,13:10,41,429.1,58
district,13:20,37,414.4,59
district,13:30,40,403.7,60
district,13:40,44,416.8,57
district,13:50,39,413.4,56
district,14:00,38,405.2,53
district,14:10,38,411.3,59
district,14:20,39,405.1,55
district,14:30,40,410.9,54
district,14:40,35,413.8,58
district,14:50,41,415.6,55
district,15:00,38,413.7,54
district,15:10,39,425.8,58
district,15:20,40,425.6,54
district,15:30,39,421.8,55
district,15:40,35,416.2,56
district,15:50,39,438.6,60
district,16:00,37,427.3,61
district,16:10,38,452.3,61
district,16:20,32,486.5,61
district,16:30,47,488.8,63
district,16:40,56,496.7,64
district,16:50,61,506.1,66
district,17:00,52,498.0,67
district,17:10,52,491.7,66
district,17:20,53,467.9,67
district,17:30,54,470.4,65
district,17:40,48,485.1,68
district,17:50,41,492.8,66
district,18:00,44,506.9,66
district,18:10,34,490.6,69
district,18:20,43,500.2,68
district,18:30,39,483.6,67
district,18:40,44,481.2,67
district,18:50,43,471.7,65
district,19:00,44,465.8,65
district,19:10,43,469.7,69
district,19:20,32,473.2,66
district,19:30,29,505.1,70
district,19:40,32,523.6,75
district,19:50,28,486.1,67
district,20:00,34,489.6,69
district,20:10,38,488.1,66
district,20:20,37,468.9,73
district,20:30,38,482.8,70
district,20:40,39,424.7,65
district,20:50,38,438.8,62
district,21:00,42,436.8,62
district,21:10,39,420.7,56
district,21:20,40,402.4,57
district,21:30,39,397.3,55
district,21:40,49,397.3,54
district,21:50,53,384.4,52
district,22:00,55,382.6,51
district,22:10,52,384.1,54
district,22:20,54,375.9,50
district,22:30,48,357.5,47
district,22:40,54,365.7,49
district,22:50,51,360.6,48
district,23:00,54,368.8,49
district,23:10,47,374.5,49
district,23:20,56,368.2,48
district,23:30,47,350.5,50
district,23:40,37,319.1,49
district,23:50,39,313.8,47
dlr,00:00,39,262.7,136
dlr,00:10,38,256.1,137
dlr,00:20,35,228.7,130
dlr,00:30,39,174.8,115
dlr,00:40,40,99.3,91
dlr,00:50,38,39.1,55
dlr,01:00,37,8.5,16
dlr,01:10,10,1.3,2
dlr,04:40,12,14.7,26
dlr,04:50,38,32.8,47
dlr,05:00,42,72.3,81
dlr,05:10,37,168.4,115
dlr,05:20,37,222.2,113
dlr,05:30,41,247.5,118
dlr,05:40,37,265.6,121
dlr,05:50,37,267.2,122
dlr,06:00,35,269.8,122
dlr,06:10,36,269.4,120
dlr,06:20,40,274.2,114
dlr,06:30,40,274.6,112
dlr,06:40,39,271.9,112
dlr,06:50,39,270.7,113
dlr,07:00,40,271.5,113
dlr,07:10,43,270.9,118
dlr,07:20,40,272.2,119
dlr,07:30,41,271.7,117
dlr,07:40,39,271.9,118
dlr,07:50,29,271.4,118
dlr,08:00,26,270.0,116
dlr,08:10,26,268.7,119
dlr,08:20,27,270.2,121
dlr,08:30,25,269.8,117
dlr,08:40,22,266.9,116
dlr,08:50,29,268.6,118
dlr,09:00,25,267.8,116
dlr,09:10,23,270.3,116
dlr,09:20,30,270.6,120
dlr,09:30,35,269.4,120
dlr,09:40,38,267.0,118
dlr,09:50,40,257.8,117
dlr,10:00,37,266.8,116
dlr,10:10,33,271.4,119
dlr,10:20,38,269.6,121
dlr,10:30,37,272.2,119
dlr,10:40,43,271.0,118
dlr,10:50,42,271.2,125
dlr,11:00,37,268.5,125
dlr,11:10,42,269.5,119
dlr,11:20,40,270.4,113
dlr,11:30,38,269.0,113
dlr,11:40,35,264.6,113
dlr,11:50,39,270.1,113
dlr,12:00,35,270.3,113
dlr,12:10,43,269.8,113
dlr,12:20,42,271.1,118
dlr,12:30,42,272.6,119
dlr,12:40,39,271.3,119
dlr,12:50,41,268.0,119
dlr,13:00,39,271.9,118
dlr,13:10,41,272.6,120
dlr,13:20,37,271.8,121
dlr,13:30,40,271.6,120
dlr,13:40,44,271.9,119
dlr,13:50,39,272.2,119
dlr,14:00,38,270.9,118
dlr,14:10,38,270.6,119
dlr,14:20,39,271.5,121
dlr,14:30,40,271.7,120
dlr,14:40,35,270.7,119
dlr,14:50,41,271.1,118
dlr,15:00,38,270.1,123
dlr,15:10,39,271.7,122
dlr,15:20,40,273.6,126
dlr,15:30,39,271.9,122
dlr,15:40,35,272.0,122
dlr,15:50,39,275.3,119
dlr,16:00,37,273.9,117
dlr,16:10,38,273.6,126
dlr,16:20,32,272.2,130
dlr,16:30,47,269.6,126
dlr,16:40,56,270.9,119
dlr,16:50,61,271.0,118
dlr,17:00,52,270.7,117
dlr,17:10,52,269.3,120
dlr,17:20,53,270.3,120
dlr,17:30,54,270.1,118
dlr,17:40,48,269.6,118
dlr,17:50,41,269.2,118
dlr,18:00,44,271.1,117
dlr,18:10,34,270.9,117
dlr,18:20,43,270.3,120
dlr,18:30,39,271.1,121
dlr,18:40,44,271.4,118
dlr,18:50,43,270.4,123
dlr,19:00,44,268.2,124
dlr,19:10,43,268.5,118
dlr,19:20,32,270.6,113
dlr,19:30,29,272.1,113
dlr,19:40,32,271.5,112
dlr,19:50,28,265.5,111
dlr,20:00,34,257.2,112
dlr,20:10,38,270.0,113
dlr,20:20,37,271.7,120
dlr,20:30,38,272.1,119
dlr,20:40,39,270.0,119
dlr,20:50,38,270.8,119
dlr,21:00,42,271.8,118
dlr,21:10,39,269.6,119
dlr,21:20,40,271.0,121
dlr,21:30,39,272.3,121
dlr,21:40,49,269.2,119
dlr,21:50,53,273.2,119
dlr,22:00,55,272.5,118
dlr,22:10,52,272.5,120
dlr,22:20,54,271.8,121
dlr,22:30,48,272.5,120
dlr,22:40,54,272.4,119
dlr,22:50,51,273.1,125
dlr,23:00,54,273.8,124
dlr,23:10,47,274.3,120
dlr,23:20,56,276.3,119
dlr,23:30,47,274.7,126
dlr,23:40,37,271.5,127
dlr,23:50,39,259.2,128
elizabeth,00:00,39,196.2,25
elizabeth,00:10,38,134.8,20
elizabeth,00:20,35,83.1,14
elizabeth,00:30,39,49.5,10
elizabeth,00:40,40,31.3,5
elizabeth,00:50,38,22.3,3
elizabeth,01:00,37,14.6,3
elizabeth,01:10,38,7.8,2
elizabeth,01:20,38,3.8,1
elizabeth,01:30,33,1.4,1
elizabeth,02:40,24,1.8,3
elizabeth,02:50,35,6.8,3
elizabeth,03:00,40,15.3,7
elizabeth,03:10,41,30.5,8
elizabeth,03:20,42,50.1,12
elizabeth,03:30,42,78.2,18
elizabeth,03:40,37,129.5,27
elizabeth,03:50,45,197.7,33
elizabeth,04:00,40,295.9,40
elizabeth,04:10,36,399.3,47
elizabeth,04:20,41,522.6,55
elizabeth,04:30,36,649.5,61
elizabeth,04:40,41,791.6,69
elizabeth,04:50,38,921.3,77
elizabeth,05:00,42,1061.4,82
elizabeth,05:10,37,1208.2,89
elizabeth,05:20,37,1346.5,95
elizabeth,05:30,41,1469.8,101
elizabeth,05:40,37,1572.3,108
elizabeth,05:50,37,1654.1,115
elizabeth,06:00,35,1730.1,120
elizabeth,06:10,36,1785.1,126
elizabeth,06:20,40,1823.8,131
elizabeth,06:30,40,1853.5,133
elizabeth,06:40,39,1876.0,135
elizabeth,06:50,39,1886.6,139
elizabeth,07:00,40,1895.8,141
elizabeth,07:10,43,1906.4,140
elizabeth,07:20,40,1906.2,140
elizabeth,07:30,41,1893.6,140
elizabeth,07:40,39,1889.2,139
elizabeth,07:50,29,1862.6,137
elizabeth,08:00,26,1847.9,136
elizabeth,08:10,26,1827.7,136
elizabeth,08:20,27,1804.7,130
elizabeth,08:30,25,1765.8,127
elizabeth,08:40,22,1725.5,126
elizabeth,08:50,29,1697.3,121
elizabeth,09:00,25,1638.6,119
elizabeth,09:10,23,1591.8,118
elizabeth,09:20,30,1558.0,111
elizabeth,09:30,35,1535.7,112
elizabeth,09:40,38,1522.2,111
elizabeth,09:50,40,1498.8,108
elizabeth,10:00,37,1485.2,108
elizabeth,10:10,33,1472.7,106
elizabeth,10:20,38,1462.8,104
elizabeth,10:30,37,1462.4,103
elizabeth,10:40,43,1456.0,103
elizabeth,10:50,42,1471.6,103
elizabeth,11:00,37,1476.2,109
elizabeth,11:10,42,1464.0,107
elizabeth,11:20,40,1489.1,108
elizabeth,11:30,38,1491.1,108
elizabeth,11:40,35,1479.0,108
elizabeth,11:50,39,1479.0,108
elizabeth,12:00,35,1468.5,105
elizabeth,12:10,43,1473.7,106
elizabeth,12:20,42,1454.6,105
elizabeth,12:30,42,1454.6,105
elizabeth,12:40,39,1449.1,106
elizabeth,12:50,41,1453.8,103
elizabeth,13:00,39,1448.9,102
elizabeth,13:10,41,1451.7,101
elizabeth,13:20,37,1446.2,101
elizabeth,13:30,40,1449.4,103
elizabeth,13:40,44,1440.5,102
elizabeth,13:50,39,1441.3,101
elizabeth,14:00,38,1445.4,103
elizabeth,14:10,38,1460.6,104
elizabeth,14:20,39,1467.6,108
elizabeth,14:30,40,1501.4,109
elizabeth,14:40,35,1527.7,111
elizabeth,14:50,41,1565.8,113
elizabeth,15:00,38,1598.7,118
elizabeth,15:10,39,1640.2,119
elizabeth,15:20,40,1685.0,122
elizabeth,15:30,39,1730.0,126
elizabeth,15:40,35,1765.6,127
elizabeth,15:50,39,1802.7,131
elizabeth,16:00,37,1838.7,133
elizabeth,16:10,38,1867.6,135
elizabeth,16:20,32,1884.6,138
elizabeth,16:30,47,1893.6,140
elizabeth,16:40,56,1896.9,139
elizabeth,16:50,61,1888.2,142
elizabeth,17:00,52,1883.5,139
elizabeth,17:10,52,1874.9,138
elizabeth,17:20,53,1849.7,136
elizabeth,17:30,54,1833.5,134
elizabeth,17:40,48,1811.4,134
elizabeth,17:50,41,1780.2,128
elizabeth,18:00,44,1748.8,126
elizabeth,18:10,34,1702.9,123
elizabeth,18:20,43,1676.1,119
elizabeth,18:30,39,1633.1,118
elizabeth,18:40,44,1601.5,118
elizabeth,18:50,43,1565.3,113
elizabeth,19:00,44,1542.8,113
elizabeth,19:10,43,1509.9,110
elizabeth,19:20,32,1493.4,105
elizabeth,19:30,29,1466.5,106
elizabeth,19:40,32,1460.9,104
elizabeth,19:50,28,1450.5,100
elizabeth,20:00,34,1441.9,101
elizabeth,20:10,38,1444.6,101
elizabeth,20:20,37,1437.6,100
elizabeth,20:30,38,1433.1,100
elizabeth,20:40,39,1432.7,101
elizabeth,20:50,38,1427.4,97
elizabeth,21:00,42,1426.2,97
elizabeth,21:10,39,1412.9,97
elizabeth,21:20,40,1388.0,94
elizabeth,21:30,39,1373.9,92
elizabeth,21:40,49,1323.5,91
elizabeth,21:50,53,1282.3,88
elizabeth,22:00,55,1230.9,84
elizabeth,22:10,52,1171.9,82
elizabeth,22:20,54,1103.3,78
elizabeth,22:30,48,1018.1,72
elizabeth,22:40,54,914.1,68
elizabeth,22:50,51,804.6,62
elizabeth,23:00,54,699.6,55
elizabeth,23:10,47,604.6,52
elizabeth,23:20,56,508.0,44
elizabeth,23:30,47,424.9,39
elizabeth,23:40,37,348.6,35
elizabeth,23:50,39,272.3,29
hammersmith-city,00:00,39,224.8,31
hammersmith-city,00:10,38,208.5,28
hammersmith-city,00:20,35,189.9,27
hammersmith-city,00:30,39,167.7,23
hammersmith-city,00:40,40,128.9,19
hammersmith-city,00:50,38,73.5,16
hammersmith-city,01:00,37,25.5,11
hammersmith-city,01:10,27,3.1,4
hammersmith-city,04:00,2,1.0,1
hammersmith-city,04:10,13,1.0,1
hammersmith-city,04:20,14,1.0,1
hammersmith-city,04:30,13,1.2,2
hammersmith-city,04:40,41,5.4,3
hammersmith-city,04:50,38,16.5,9
hammersmith-city,05:00,42,41.9,11
hammersmith-city,05:10,37,68.7,15
hammersmith-city,05:20,37,96.0,16
hammersmith-city,05:30,41,122.0,24
hammersmith-city,05:40,37,150.8,28
hammersmith-city,05:50,37,177.5,30
hammersmith-city,06:00,35,205.8,36
hammersmith-city,06:10,36,231.9,39
hammersmith-city,06:20,40,236.1,38
hammersmith-city,06:30,40,245.4,39
hammersmith-city,06:40,39,244.9,42
hammersmith-city,06:50,39,233.3,43
hammersmith-city,07:00,40,249.4,44
hammersmith-city,07:10,43,263.0,44
hammersmith-city,07:20,40,267.4,43
hammersmith-city,07:30,41,249.1,42
hammersmith-city,07:40,39,249.1,45
hammersmith-city,07:50,29,260.3,43
hammersmith-city,08:00,26,279.3,46
hammersmith-city,08:10,26,281.3,45
hammersmith-city,08:20,27,272.9,44
hammersmith-city,08:30,25,260.4,41
hammersmith-city,08:40,22,268.6,41
hammersmith-city,08:50,29,249.4,44
hammersmith-city,09:00,25,260.0,46
hammersmith-city,09:10,23,249.7,45
hammersmith-city,09:20,30,243.8,42
hammersmith-city,09:30,35,254.2,43
hammersmith-city,09:40,38,265.7,42
hammersmith-city,09:50,40,256.5,44
hammersmith-city,10:00,37,250.7,43
hammersmith-city,10:10,33,262.2,46
hammersmith-city,10:20,38,258.9,42
hammersmith-city,10:30,37,256.2,44
hammersmith-city,10:40,43,262.4,42
hammersmith-city,10:50,42,268.1,41
hammersmith-city,11:00,37,266.2,41
hammersmith-city,11:10,42,243.9,40
hammersmith-city,11:20,40,253.8,40
hammersmith-city,11:30,38,256.7,40
hammersmith-city,11:40,35,264.8,41
hammersmith-city,11:50,39,274.0,45
hammersmith-city,12:00,35,279.0,44
hammersmith-city,12:10,43,267.4,45
hammersmith-city,12:20,42,271.1,45
hammersmith-city,12:30,42,282.6,45
hammersmith-city,12:40,39,277.6,43
hammersmith-city,12:50,41,267.1,43
hammersmith-city,13:00,39,272.0,43
hammersmith-city,13:10,41,269.6,43
hammersmith-city,13:20,37,266.4,42
hammersmith-city,13:30,40,271.0,42
hammersmith-city,13:40,44,272.7,42
hammersmith-city,13:50,39,285.6,43
hammersmith-city,14:00,38,284.6,43
hammersmith-city,14:10,38,275.8,43
hammersmith-city,14:20,39,280.9,45
hammersmith-city,14:30,40,284.4,45
hammersmith-city,14:40,35,277.0,44
hammersmith-city,14:50,41,279.5,50
hammersmith-city,15:00,38,281.3,41
hammersmith-city,15:10,39,284.0,42
hammersmith-city,15:20,40,276.8,44
hammersmith-city,15:30,39,279.8,43
hammersmith-city,15:40,35,281.5,45
hammersmith-city,15:50,39,284.3,47
hammersmith-city,16:00,37,270.5,46
hammersmith-city,16:10,38,268.6,44
hammersmith-city,16:20,32,263.0,44
hammersmith-city,16:30,47,265.8,44
hammersmith-city,16:40,56,258.9,45
hammersmith-city,16:50,61,268.2,46
hammersmith-city,17:00,52,264.1,47
hammersmith-city,17:10,52,269.2,46
hammersmith-city,17:20,53,266.0,46
hammersmith-city,17:30,54,263.8,44
hammersmith-city,17:40,48,264.3,46
hammersmith-city,17:50,41,265.2,45
hammersmith-city,18:00,44,272.2,45
hammersmith-city,18:10,34,282.6,46
hammersmith-city,18:20,43,286.5,47
hammersmith-city,18:30,39,282.3,44
hammersmith-city,18:40,44,283.1,45
hammersmith-city,18:50,43,285.8,48
hammersmith-city,19:00,44,287.0,46
hammersmith-city,19:10,43,285.3,47
hammersmith-city,19:20,32,276.6,46
hammersmith-city,19:30,29,278.4,47
hammersmith-city,19:40,32,275.6,44
hammersmith-city,19:50,28,279.2,45
hammersmith-city,20:00,34,282.9,44
hammersmith-city,20:10,38,276.2,42
hammersmith-city,20:20,37,267.9,45
hammersmith-city,20:30,38,272.7,44
hammersmith-city,20:40,39,258.1,46
hammersmith-city,20:50,38,264.2,41
hammersmith-city,21:00,42,253.0,39
hammersmith-city,21:10,39,252.2,40
hammersmith-city,21:20,40,258.9,40
hammersmith-city,21:30,39,252.4,40
hammersmith-city,21:40,49,246.1,38
hammersmith-city,21:50,53,253.6,40
hammersmith-city,22:00,55,265.2,41
hammersmith-city,22:10,52,270.1,44
hammersmith-city,22:20,54,277.9,44
hammersmith-city,22:30,48,267.2,42
hammersmith-city,22:40,54,279.5,44
hammersmith-city,22:50,51,259.6,43
hammersmith-city,23:00,54,234.9,41
hammersmith-city,23:10,47,240.7,40
hammersmith-city,23:20,56,232.7,38
hammersmith-city,23:30,47,222.6,36
hammersmith-city,23:40,37,223.3,36
hammersmith-city,23:50,39,233.1,33
jubilee,00:00,39,236.2,27
jubilee,00:10,38,215.3,23
jubilee,00:20,35,182.6,21
jubilee,00:30,39,130.5,17
jubilee,00:40,40,84.5,13
jubilee,00:50,38,42.6,16
jubilee,01:00,37,20.4,6
jubilee,01:10,34,9.0,2
jubilee,01:20,13,5.2,2
jubilee,01:30,11,8.5,3
jubilee,01:40,13,10.6,2
jubilee,01:50,14,11.0,1
jubilee,02:00,12,9.7,1
jubilee,02:10,14,6.6,1
jubilee,02:20,12,3.9,1
jubilee,03:30,5,12.4,2
jubilee,03:40,11,20.9,2
jubilee,03:50,15,12.1,2
jubilee,04:00,14,12.0,1
jubilee,04:10,13,12.0,1
jubilee,04:20,12,10.2,1
jubilee,04:50,21,12.0,1
jubilee,05:00,33,12.6,2
jubilee,05:10,33,27.4,4
jubilee,05:20,37,68.6,10
jubilee,05:30,41,130.4,14
jubilee,05:40,37,185.3,18
jubilee,05:50,37,236.0,23
jubilee,06:00,35,252.8,26
jubilee,06:10,36,281.1,30
jubilee,06:20,40,296.1,31
jubilee,06:30,40,314.4,34
jubilee,06:40,39,349.5,35
jubilee,06:50,39,369.1,39
jubilee,07:00,40,396.2,41
jubilee,07:10,43,414.1,44
jubilee,07:20,40,435.8,44
jubilee,07:30,41,453.2,46
jubilee,07:40,39,463.0,47
jubilee,07:50,29,465.0,48
jubilee,08:00,26,472.2,47
jubilee,08:10,26,478.5,49
jubilee,08:20,27,471.9,49
jubilee,08:30,25,475.5,50
jubilee,08:40,22,469.1,48
jubilee,08:50,29,468.7,48
jubilee,09:00,25,472.0,46
jubilee,09:10,23,465.0,49
jubilee,09:20,30,438.5,48
jubilee,09:30,35,402.3,48
jubilee,09:40,38,391.5,45
jubilee,09:50,40,391.1,44
jubilee,10:00,37,381.7,43
jubilee,10:10,33,367.1,44
jubilee,10:20,38,360.6,42
jubilee,10:30,37,336.8,40
jubilee,10:40,43,339.6,41
jubilee,10:50,42,316.1,38
jubilee,11:00,37,317.5,38
jubilee,11:10,42,328.1,37
jubilee,11:20,40,326.2,34
jubilee,11:30,38,326.9,37
jubilee,11:40,35,327.9,36
jubilee,11:50,39,318.5,33
jubilee,12:00,35,334.1,36
jubilee,12:10,43,328.4,35
jubilee,12:20,42,333.0,36
jubilee,12:30,42,342.5,36
jubilee,12:40,39,332.4,36
jubilee,12:50,41,298.4,35
jubilee,13:00,39,275.7,36
jubilee,13:10,41,262.8,37
jubilee,13:20,37,250.5,33
jubilee,13:30,40,270.2,36
jubilee,13:40,44,243.7,34
jubilee,13:50,39,232.7,33
jubilee,14:00,38,248.3,34
jubilee,14:10,38,297.1,49
jubilee,14:20,39,315.8,46
jubilee,14:30,40,324.3,52
jubilee,14:40,35,308.7,38
jubilee,14:50,41,299.1,38
jubilee,15:00,38,296.4,35
jubilee,15:10,39,285.7,36
jubilee,15:20,40,300.3,34
jubilee,15:30,39,342.6,40
jubilee,15:40,35,347.7,40
jubilee,15:50,39,342.1,38
jubilee,16:00,37,361.2,42
jubilee,16:10,38,368.7,43
jubilee,16:20,32,395.8,47
jubilee,16:30,47,419.4,47
jubilee,16:40,56,419.1,48
jubilee,16:50,61,415.6,49
jubilee,17:00,52,426.1,48
jubilee,17:10,52,438.3,47
jubilee,17:20,53,441.0,48
jubilee,17:30,54,447.1,49
jubilee,17:40,48,449.1,50
jubilee,17:50,41,466.0,49
jubilee,18:00,44,463.5,49
jubilee,18:10,34,450.6,48
jubilee,18:20,43,457.3,48
jubilee,18:30,39,467.9,47
jubilee,18:40,44,461.4,48
jubilee,18:50,43,447.6,48
jubilee,19:00,44,436.6,48
jubilee,19:10,43,433.3,48
jubilee,19:20,32,411.4,46
jubilee,19:30,29,406.3,44
jubilee,19:40,32,396.2,41
jubilee,19:50,28,388.5,41
jubilee,20:00,34,377.5,40
jubilee,20:10,38,373.6,41
jubilee,20:20,37,370.4,39
jubilee,20:30,38,371.7,39
jubilee,20:40,39,374.0,39
jubilee,20:50,38,369.4,37
jubilee,21:00,42,374.2,39
jubilee,21:10,39,373.8,38
jubilee,21:20,40,378.4,39
jubilee,21:30,39,374.5,40
jubilee,21:40,49,373.1,39
jubilee,21:50,53,376.9,40
jubilee,22:00,55,383.0,39
jubilee,22:10,52,380.6,39
jubilee,22:20,54,383.8,40
jubilee,22:30,48,358.4,40
jubilee,22:40,54,355.2,39
jubilee,22:50,51,359.7,38
jubilee,23:00,54,332.2,36
jubilee,23:10,47,316.6,34
jubilee,23:20,56,295.8,34
jubilee,23:30,47,275.5,30
jubilee,23:40,37,256.8,28
jubilee,23:50,39,242.3,28
liberty,04:10,9,1.0,1
liberty,04:20,41,1.9,1
liberty,04:30,36,3.4,2
liberty,04:40,41,4.4,3
liberty,04:50,38,6.1,4
liberty,05:00,42,7.6,4
liberty,05:10,37,8.5,5
liberty,05:20,37,9.9,5
liberty,05:30,41,11.6,6
liberty,05:40,37,12.3,7
liberty,05:50,37,13.9,7
liberty,06:00,35,15.5,8
liberty,06:10,36,15.9,9
liberty,06:20,40,16.1,9
liberty,06:30,40,16.0,9
liberty,06:40,39,15.8,9
liberty,06:50,39,15.5,9
liberty,07:00,40,15.7,9
liberty,07:10,43,15.6,9
liberty,07:20,40,15.1,9
liberty,07:30,41,15.1,9
liberty,07:40,39,15.6,9
liberty,07:50,29,14.1,8
liberty,08:00,26,15.4,9
liberty,08:10,26,15.1,9
liberty,08:20,27,15.4,9
liberty,08:30,25,15.2,9
liberty,08:40,22,15.5,9
liberty,08:50,29,14.9,9
liberty,09:00,25,15.7,9
liberty,09:10,23,15.5,9
liberty,09:20,30,15.2,9
liberty,09:30,35,16.0,9
liberty,09:40,38,15.9,9
liberty,09:50,40,15.9,9
liberty,10:00,37,15.9,9
liberty,10:10,33,15.9,9
liberty,10:20,38,15.9,9
liberty,10:30,37,15.6,9
liberty,10:40,43,15.8,9
liberty,10:50,42,15.9,9
liberty,11:00,37,15.7,9
liberty,11:10,42,16.0,9
liberty,11:20,40,15.8,8
liberty,11:30,38,15.9,9
liberty,11:40,35,15.8,9
liberty,11:50,39,15.8,9
liberty,12:00,35,16.1,9
liberty,12:10,43,15.9,9
liberty,12:20,42,15.8,9
liberty,12:30,42,16.1,9
liberty,12:40,39,16.0,9
liberty,12:50,41,15.8,9
liberty,13:00,39,15.9,9
liberty,13:10,41,15.7,9
liberty,13:20,37,15.9,9
liberty,13:30,40,16.0,9
liberty,13:40,44,15.8,9
liberty,13:50,39,15.7,8
liberty,14:00,38,16.0,9
liberty,14:10,38,15.9,9
liberty,14:20,39,15.7,9
liberty,14:30,40,15.8,9
liberty,14:40,35,16.0,9
liberty,14:50,41,15.9,9
liberty,15:00,38,15.9,9
liberty,15:10,39,15.8,9
liberty,15:20,40,15.8,9
liberty,15:30,39,15.8,9
liberty,15:40,35,15.9,9
liberty,15:50,39,15.8,9
liberty,16:00,37,15.5,9
liberty,16:10,38,15.9,9
liberty,16:20,32,15.4,9
liberty,16:30,47,15.7,9
liberty,16:40,56,15.6,9
liberty,16:50,61,15.2,9
liberty,17:00,52,15.1,9
liberty,17:10,52,15.7,9
liberty,17:20,53,15.0,9
liberty,17:30,54,15.1,9
liberty,17:40,48,15.7,9
liberty,17:50,41,15.3,9
liberty,18:00,44,15.6,9
liberty,18:10,34,15.5,9
liberty,18:20,43,15.8,9
liberty,18:30,39,15.8,9
liberty,18:40,44,16.0,9
liberty,18:50,43,15.9,9
liberty,19:00,44,15.8,9
liberty,19:10,43,15.5,9
liberty,19:20,32,15.8,9
liberty,19:30,29,16.0,9
liberty,19:40,32,15.8,9
liberty,19:50,28,15.9,9
liberty,20:00,34,15.8,9
liberty,20:10,38,15.6,8
liberty,20:20,37,14.1,8
liberty,20:30,38,12.4,7
liberty,20:40,39,11.6,6
liberty,20:50,38,10.0,6
liberty,21:00,42,8.5,5
liberty,21:10,39,7.6,4
liberty,21:20,40,5.8,4
liberty,21:30,39,4.5,3
liberty,21:40,49,3.6,2
liberty,21:50,53,2.0,2
liberty,22:00,24,1.0,1
lioness,00:00,39,39.0,6
lioness,00:10,38,23.8,4
lioness,00:20,35,13.8,3
lioness,00:30,39,6.2,2
lioness,00:40,36,2.1,1
lioness,00:50,3,1.0,1
lioness,03:10,11,1.5,1
lioness,03:20,42,3.6,1
lioness,03:30,42,8.7,2
lioness,03:40,37,17.7,4
lioness,03:50,45,31.9,4
lioness,04:00,40,48.0,6
lioness,04:10,36,66.9,7
lioness,04:20,41,89.8,8
lioness,04:30,36,113.1,10
lioness,04:40,41,137.1,11
lioness,04:50,38,160.8,13
lioness,05:00,42,184.7,14
lioness,05:10,37,209.1,15
lioness,05:20,37,229.6,16
lioness,05:30,41,246.9,18
lioness,05:40,37,263.0,19
lioness,05:50,37,272.1,20
lioness,06:00,35,279.8,22
lioness,06:10,36,285.6,21
lioness,06:20,40,286.8,23
lioness,06:30,40,287.3,23
lioness,06:40,39,287.6,23
lioness,06:50,39,287.0,23
lioness,07:00,40,286.3,23
lioness,07:10,43,286.2,23
lioness,07:20,40,285.5,23
lioness,07:30,41,285.6,23
lioness,07:40,39,287.4,22
lioness,07:50,29,284.4,23
lioness,08:00,26,285.7,23
lioness,08:10,26,284.8,23
lioness,08:20,27,288.2,23
lioness,08:30,25,288.8,23
lioness,08:40,22,287.0,23
lioness,08:50,29,288.3,23
lioness,09:00,25,288.2,24
lioness,09:10,23,285.4,23
lioness,09:20,30,284.8,23
lioness,09:30,35,287.0,23
lioness,09:40,38,289.0,23
lioness,09:50,40,288.5,23
lioness,10:00,37,287.5,23
lioness,10:10,33,287.8,22
lioness,10:20,38,286.9,24
lioness,10:30,37,286.7,24
lioness,10:40,43,288.0,23
lioness,10:50,42,288.0,23
lioness,11:00,37,286.8,23
lioness,11:10,42,288.1,22
lioness,11:20,40,288.4,24
lioness,11:30,38,287.3,23
lioness,11:40,35,287.0,22
lioness,11:50,39,287.0,23
lioness,12:00,35,287.0,23
lioness,12:10,43,287.3,23
lioness,12:20,42,286.8,23
lioness,12:30,42,287.0,24
lioness,12:40,39,287.3,22
lioness,12:50,41,287.3,23
lioness,13:00,39,286.9,24
lioness,13:10,41,287.1,22
lioness,13:20,37,286.8,23
lioness,13:30,40,287.4,23
lioness,13:40,44,287.3,23
lioness,13:50,39,286.3,23
lioness,14:00,38,287.7,24
lioness,14:10,38,287.6,22
lioness,14:20,39,287.2,23
lioness,14:30,40,288.4,23
lioness,14:40,35,288.0,22
lioness,14:50,41,287.3,22
lioness,15:00,38,287.8,24
lioness,15:10,39,287.9,23
lioness,15:20,40,286.0,23
lioness,15:30,39,286.7,23
lioness,15:40,35,287.7,22
lioness,15:50,39,286.1,22
lioness,16:00,37,285.2,23
lioness,16:10,38,286.5,22
lioness,16:20,32,284.7,23
lioness,16:30,47,285.1,24
lioness,16:40,56,287.1,22
lioness,16:50,61,284.8,22
lioness,17:00,52,285.7,23
lioness,17:10,52,285.5,24
lioness,17:20,53,285.1,23
lioness,17:30,54,284.1,24
lioness,17:40,48,286.4,22
lioness,17:50,41,287.7,23
lioness,18:00,44,286.8,23
lioness,18:10,34,286.6,23
lioness,18:20,43,289.8,23
lioness,18:30,39,287.5,23
lioness,18:40,44,287.8,23
lioness,18:50,43,288.1,22
lioness,19:00,44,287.6,23
lioness,19:10,43,287.8,23
lioness,19:20,32,289.6,23
lioness,19:30,29,288.9,23
lioness,19:40,32,288.7,23
lioness,19:50,28,288.1,24
lioness,20:00,34,286.2,23
lioness,20:10,38,287.2,23
lioness,20:20,37,287.4,23
lioness,20:30,38,286.8,24
lioness,20:40,39,287.4,22
lioness,20:50,38,287.2,23
lioness,21:00,42,288.7,24
lioness,21:10,39,287.3,22
lioness,21:20,40,285.8,23
lioness,21:30,39,289.7,24
lioness,21:40,49,290.1,23
lioness,21:50,53,288.9,23
lioness,22:00,55,283.4,22
lioness,22:10,52,275.7,21
lioness,22:20,54,262.6,20
lioness,22:30,48,245.1,18
lioness,22:40,54,224.4,16
lioness,22:50,51,200.6,16
lioness,23:00,54,177.1,14
lioness,23:10,47,153.2,12
lioness,23:20,56,128.6,12
lioness,23:30,47,104.0,10
lioness,23:40,37,80.8,8
lioness,23:50,39,57.8,8
metropolitan,00:00,39,150.9,47
metropolitan,00:10,38,143.2,42
metropolitan,00:20,35,124.0,39
metropolitan,00:30,39,118.7,37
metropolitan,00:40,40,103.5,35
metropolitan,00:50,38,64.2,35
metropolitan,01:00,37,40.8,27
metropolitan,01:10,38,22.5,22
metropolitan,01:20,38,14.6,17
metropolitan,01:30,37,11.1,15
metropolitan,01:40,36,14.2,16
metropolitan,01:50,41,14.1,16
metropolitan,02:00,38,14.2,16
metropolitan,02:10,39,9.4,12
metropolitan,02:20,40,10.0,11
metropolitan,02:30,36,9.9,11
metropolitan,02:40,45,9.1,11
metropolitan,02:50,35,8.9,10
metropolitan,03:00,40,9.5,10
metropolitan,03:10,41,10.5,11
metropolitan,03:20,42,9.8,11
metropolitan,03:30,42,10.2,11
metropolitan,03:40,37,11.7,12
metropolitan,03:50,45,14.7,14
metropolitan,04:00,40,12.0,12
metropolitan,04:10,36,11.2,12
metropolitan,04:20,41,11.8,13
metropolitan,04:30,36,12.5,13
metropolitan,04:40,41,17.9,16
metropolitan,04:50,38,22.3,17
metropolitan,05:00,42,25.9,17
metropolitan,05:10,37,42.1,21
metropolitan,05:20,37,74.7,26
metropolitan,05:30,41,100.2,30
metropolitan,05:40,37,132.3,32
metropolitan,05:50,37,162.2,32
metropolitan,06:00,35,175.6,35
metropolitan,06:10,36,199.1,36
metropolitan,06:20,40,212.6,38
metropolitan,06:30,40,214.1,38
metropolitan,06:40,39,210.5,33
metropolitan,06:50,39,215.9,38
metropolitan,07:00,40,242.5,39
metropolitan,07:10,43,255.7,43
metropolitan,07:20,40,244.6,40
metropolitan,07:30,41,253.6,45
metropolitan,07:40,39,248.5,45
metropolitan,07:50,29,255.1,45
metropolitan,08:00,26,248.3,46
metropolitan,08:10,26,250.8,46
metropolitan,08:20,27,231.7,41
metropolitan,08:30,25,213.2,45
metropolitan,08:40,22,218.8,38
metropolitan,08:50,29,224.3,36
metropolitan,09:00,25,219.0,45
metropolitan,09:10,23,209.7,43
metropolitan,09:20,30,203.7,45
metropolitan,09:30,35,217.0,40
metropolitan,09:40,38,202.4,43
metropolitan,09:50,40,198.7,40
metropolitan,10:00,37,194.4,44
metropolitan,10:10,33,205.0,45
metropolitan,10:20,38,193.9,41
metropolitan,10:30,37,185.9,43
metropolitan,10:40,43,176.5,43
metropolitan,10:50,42,181.2,41
metropolitan,11:00,37,180.6,42
metropolitan,11:10,42,171.2,40
metropolitan,11:20,40,176.9,41
metropolitan,11:30,38,173.1,45
metropolitan,11:40,35,175.7,40
metropolitan,11:50,39,181.6,45
metropolitan,12:00,35,190.1,53
metropolitan,12:10,43,197.0,44
metropolitan,12:20,42,206.0,41
metropolitan,12:30,42,204.4,39
metropolitan,12:40,39,185.3,40
metropolitan,12:50,41,194.5,38
metropolitan,13:00,39,201.0,39
metropolitan,13:10,41,182.4,44
metropolitan,13:20,37,185.6,44
metropolitan,13:30,40,179.6,44
metropolitan,13:40,44,192.9,40
metropolitan,13:50,39,211.1,41
metropolitan,14:00,38,212.7,45
metropolitan,14:10,38,201.7,43
metropolitan,14:20,39,206.7,36
metropolitan,14:30,40,212.7,34
metropolitan,14:40,35,206.7,42
metropolitan,14:50,41,204.4,34
metropolitan,15:00,38,224.5,36
metropolitan,15:10,39,213.5,41
metropolitan,15:20,40,211.9,40
metropolitan,15:30,39,209.8,45
metropolitan,15:40,35,221.6,43
metropolitan,15:50,39,232.3,42
metropolitan,16:00,37,220.8,42
metropolitan,16:10,38,235.3,46
metropolitan,16:20,32,237.2,49
metropolitan,16:30,47,258.4,51
metropolitan,16:40,56,263.6,48
metropolitan,16:50,61,257.1,50
metropolitan,17:00,52,272.0,53
metropolitan,17:10,52,268.7,50
metropolitan,17:20,53,260.8,50
metropolitan,17:30,54,270.6,51
metropolitan,17:40,48,273.9,50
metropolitan,17:50,41,271.3,51
metropolitan,18:00,44,279.9,48
metropolitan,18:10,34,299.8,57
metropolitan,18:20,43,284.8,57
metropolitan,18:30,39,267.8,67
metropolitan,18:40,44,270.0,51
metropolitan,18:50,43,285.8,48
metropolitan,19:00,44,290.2,53
metropolitan,19:10,43,284.6,52
metropolitan,19:20,32,292.4,52
metropolitan,19:30,29,280.9,49
metropolitan,19:40,32,276.6,43
metropolitan,19:50,28,298.2,46
metropolitan,20:00,34,272.1,48
metropolitan,20:10,38,246.0,48
metropolitan,20:20,37,242.1,50
metropolitan,20:30,38,253.5,48
metropolitan,20:40,39,279.3,50
metropolitan,20:50,38,260.6,50
metropolitan,21:00,42,249.6,49
metropolitan,21:10,39,229.3,46
metropolitan,21:20,40,227.3,48
metropolitan,21:30,39,236.3,45
metropolitan,21:40,49,214.3,47
metropolitan,21:50,53,228.8,52
metropolitan,22:00,55,226.3,52
metropolitan,22:10,52,221.0,46
metropolitan,22:20,54,226.9,57
metropolitan,22:30,48,225.4,52
metropolitan,22:40,54,213.2,47
metropolitan,22:50,51,206.5,49
metropolitan,23:00,54,198.4,48
metropolitan,23:10,47,195.4,50
metropolitan,23:20,56,208.5,51
metropolitan,23:30,47,204.6,51
metropolitan,23:40,37,181.5,42
metropolitan,23:50,39,152.2,42
mildmay,00:00,39,53.6,12
mildmay,00:10,38,36.5,8
mildmay,00:20,35,23.1,6
mildmay,00:30,39,14.5,4
mildmay,00:40,40,7.7,3
mildmay,00:50,32,2.1,2
mildmay,03:40,25,1.6,2
mildmay,03:50,45,5.3,5
mildmay,04:00,40,25.6,13
mildmay,04:10,36,59.8,16
mildmay,04:20,41,110.4,21
mildmay,04:30,36,173.7,26
mildmay,04:40,41,238.8,30
mildmay,04:50,38,304.7,31
mildmay,05:00,42,380.0,34
mildmay,05:10,37,454.1,39
mildmay,05:20,37,526.8,43
mildmay,05:30,41,601.6,48
mildmay,05:40,37,675.3,51
mildmay,05:50,37,742.2,55
mildmay,06:00,35,798.2,58
mildmay,06:10,36,836.7,61
mildmay,06:20,40,866.5,63
mildmay,06:30,40,885.3,68
mildmay,06:40,39,899.4,69
mildmay,06:50,39,898.2,72
mildmay,07:00,40,896.2,72
mildmay,07:10,43,897.5,72
mildmay,07:20,40,890.9,72
mildmay,07:30,41,890.4,70
mildmay,07:40,39,889.1,69
mildmay,07:50,29,880.8,68
mildmay,08:00,26,880.1,68
mildmay,08:10,26,879.7,67
mildmay,08:20,27,877.6,66
mildmay,08:30,25,869.6,65
mildmay,08:40,22,860.1,65
mildmay,08:50,29,849.2,63
mildmay,09:00,25,842.7,64
mildmay,09:10,23,829.5,64
mildmay,09:20,30,809.5,62
mildmay,09:30,35,801.8,61
mildmay,09:40,38,790.1,60
mildmay,09:50,40,775.0,61
mildmay,10:00,37,762.8,59
mildmay,10:10,33,749.4,58
mildmay,10:20,38,739.2,57
mildmay,10:30,37,730.6,57
mildmay,10:40,43,722.5,57
mildmay,10:50,42,716.6,55
mildmay,11:00,37,710.8,56
mildmay,11:10,42,706.7,55
mildmay,11:20,40,711.4,55
mildmay,11:30,38,711.3,55
mildmay,11:40,35,708.0,55
mildmay,11:50,39,707.8,53
mildmay,12:00,35,708.1,54
mildmay,12:10,43,706.7,55
mildmay,12:20,42,706.8,54
mildmay,12:30,42,709.3,55
mildmay,12:40,39,708.7,55
mildmay,12:50,41,711.5,55
mildmay,13:00,39,714.4,57
mildmay,13:10,41,714.6,56
mildmay,13:20,37,723.6,56
mildmay,13:30,40,729.1,57
mildmay,13:40,44,732.5,57
mildmay,13:50,39,742.6,57
mildmay,14:00,38,753.8,58
mildmay,14:10,38,768.9,60
mildmay,14:20,39,782.3,60
mildmay,14:30,40,796.4,61
mildmay,14:40,35,815.7,63
mildmay,14:50,41,831.5,63
mildmay,15:00,38,845.5,66
mildmay,15:10,39,858.5,67
mildmay,15:20,40,869.0,67
mildmay,15:30,39,876.9,70
mildmay,15:40,35,891.0,70
mildmay,15:50,39,895.0,70
mildmay,16:00,37,899.8,72
mildmay,16:10,38,910.8,73
mildmay,16:20,32,909.8,72
mildmay,16:30,47,910.4,74
mildmay,16:40,56,913.3,76
mildmay,16:50,61,910.5,75
mildmay,17:00,52,911.1,76
mildmay,17:10,52,911.0,75
mildmay,17:20,53,898.6,72
mildmay,17:30,54,893.9,73
mildmay,17:40,48,887.9,72
mildmay,17:50,41,883.6,71
mildmay,18:00,44,878.5,70
mildmay,18:10,34,871.1,69
mildmay,18:20,43,867.4,66
mildmay,18:30,39,857.8,66
mildmay,18:40,44,844.6,66
mildmay,18:50,43,833.6,64
mildmay,19:00,44,817.5,62
mildmay,19:10,43,800.8,61
mildmay,19:20,32,796.4,60
mildmay,19:30,29,784.9,60
mildmay,19:40,32,783.7,60
mildmay,19:50,28,774.2,59
mildmay,20:00,34,761.8,59
mildmay,20:10,38,750.1,59
mildmay,20:20,37,740.4,57
mildmay,20:30,38,734.2,57
mildmay,20:40,39,730.3,57
mildmay,20:50,38,723.5,56
mildmay,21:00,42,720.6,54
mildmay,21:10,39,711.5,55
mildmay,21:20,40,694.3,55
mildmay,21:30,39,637.2,54
mildmay,21:40,49,605.5,53
mildmay,21:50,53,587.4,51
mildmay,22:00,55,548.5,51
mildmay,22:10,52,501.0,45
mildmay,22:20,54,464.5,42
mildmay,22:30,48,419.0,41
mildmay,22:40,54,372.6,38
mildmay,22:50,51,323.6,35
mildmay,23:00,54,277.0,33
mildmay,23:10,47,227.6,31
mildmay,23:20,56,181.4,28
mildmay,23:30,47,141.1,24
mildmay,23:40,37,106.4,20
mildmay,23:50,39,76.1,16
northern,00:00,39,521.5,57
northern,00:10,38,420.1,46
northern,00:20,35,311.0,38
northern,00:30,39,205.3,29
northern,00:40,40,115.3,21
northern,00:50,38,52.6,14
northern,01:00,37,18.2,7
northern,01:10,26,3.7,2
northern,05:10,37,17.5,7
northern,05:20,37,90.1,15
northern,05:30,41,175.0,18
northern,05:40,37,272.8,26
northern,05:50,37,354.5,32
northern,06:00,35,432.3,40
northern,06:10,36,471.5,46
northern,06:20,40,532.5,52
northern,06:30,40,630.0,56
northern,06:40,39,708.2,63
northern,06:50,39,748.8,67
northern,07:00,40,741.6,69
northern,07:10,43,745.1,72
northern,07:20,40,778.6,75
northern,07:30,41,821.2,77
northern,07:40,39,825.2,81
northern,07:50,29,846.2,79
northern,08:00,26,884.2,79
northern,08:10,26,902.0,81
northern,08:20,27,877.1,81
northern,08:30,25,846.7,81
northern,08:40,22,846.7,82
northern,08:50,29,854.3,82
northern,09:00,25,863.1,82
northern,09:10,23,854.1,81
northern,09:20,30,841.9,82
northern,09:30,35,828.1,80
northern,09:40,38,839.8,82
northern,09:50,40,808.9,79
northern,10:00,37,785.9,78
northern,10:10,33,762.2,78
northern,10:20,38,777.6,74
northern,10:30,37,794.6,75
northern,10:40,43,779.4,74
northern,10:50,42,769.0,74
northern,11:00,37,771.1,73
northern,11:10,42,769.4,74
northern,11:20,40,770.6,74
northern,11:30,38,769.3,75
northern,11:40,35,760.5,73
northern,11:50,39,783.4,73
northern,12:00,35,782.0,75
northern,12:10,43,755.7,73
northern,12:20,42,754.0,73
northern,12:30,42,761.3,72
northern,12:40,39,772.6,77
northern,12:50,41,761.7,73
northern,13:00,39,759.9,76
northern,13:10,41,759.8,75
northern,13:20,37,754.4,73
northern,13:30,40,761.8,75
northern,13:40,44,756.6,73
northern,13:50,39,753.2,74
northern,14:00,38,759.4,73
northern,14:10,38,769.4,72
northern,14:20,39,765.5,75
northern,14:30,40,769.8,72
northern,14:40,35,765.2,72
northern,14:50,41,775.1,74
northern,15:00,38,774.4,74
northern,15:10,39,760.7,74
northern,15:20,40,770.6,74
northern,15:30,39,785.2,73
northern,15:40,35,778.5,74
northern,15:50,39,767.4,74
northern,16:00,37,769.0,74
northern,16:10,38,793.4,76
northern,16:20,32,796.3,77
northern,16:30,47,799.3,80
northern,16:40,56,867.8,81
northern,16:50,61,886.7,82
northern,17:00,52,887.8,85
northern,17:10,52,859.5,84
northern,17:20,53,866.7,83
northern,17:30,54,881.4,83
northern,17:40,48,886.2,85
northern,17:50,41,909.6,85
northern,18:00,44,887.7,84
northern,18:10,34,883.4,82
northern,18:20,43,881.4,83
northern,18:30,39,860.4,83
northern,18:40,44,886.5,83
northern,18:50,43,896.8,83
northern,19:00,44,897.6,83
northern,19:10,43,874.8,83
northern,19:20,32,876.3,82
northern,19:30,29,886.3,83
northern,19:40,32,856.6,83
northern,19:50,28,831.0,80
northern,20:00,34,800.1,78
northern,20:10,38,777.8,75
northern,20:20,37,780.8,74
northern,20:30,38,783.5,76
northern,20:40,39,777.6,74
northern,20:50,38,772.1,75
northern,21:00,42,780.4,76
northern,21:10,39,770.3,74
northern,21:20,40,773.3,73
northern,21:30,39,785.7,75
northern,21:40,49,784.0,74
northern,21:50,53,774.5,75
northern,22:00,55,776.5,74
northern,22:10,52,765.9,76
northern,22:20,54,775.4,74
northern,22:30,48,751.4,74
northern,22:40,54,745.1,73
northern,22:50,51,745.9,72
northern,23:00,54,744.8,73
northern,23:10,47,736.6,71
northern,23:20,56,709.5,69
northern,23:30,47,685.8,68
northern,23:40,37,656.4,63
northern,23:50,39,608.6,61
piccadilly,00:00,39,371.9,40
piccadilly,00:10,38,307.2,37
piccadilly,00:20,35,227.5,29
piccadilly,00:30,39,173.0,26
piccadilly,00:40,40,125.9,21
piccadilly,00:50,38,93.1,18
piccadilly,01:00,37,52.7,12
piccadilly,01:10,38,35.3,7
piccadilly,01:20,38,29.7,6
piccadilly,01:30,37,24.5,5
piccadilly,01:40,36,22.1,4
piccadilly,01:50,41,27.4,4
piccadilly,02:00,38,30.9,6
piccadilly,02:10,39,28.3,6
piccadilly,02:20,40,29.0,6
piccadilly,02:30,36,25.9,5
piccadilly,02:40,45,23.3,6
piccadilly,02:50,35,20.5,4
piccadilly,03:00,40,20.9,4
piccadilly,03:10,41,19.5,4
piccadilly,03:20,42,21.4,3
piccadilly,03:30,42,22.8,4
piccadilly,03:40,37,22.9,4
piccadilly,03:50,45,24.3,6
piccadilly,04:00,40,21.1,5
piccadilly,04:10,36,21.0,3
piccadilly,04:20,41,19.0,5
piccadilly,04:30,36,18.8,6
piccadilly,04:40,41,24.1,5
piccadilly,04:50,38,36.3,7
piccadilly,05:00,42,42.9,9
piccadilly,05:10,37,82.6,12
piccadilly,05:20,37,149.8,20
piccadilly,05:30,41,204.9,24
piccadilly,05:40,37,271.2,28
piccadilly,05:50,37,316.8,31
piccadilly,06:00,35,377.3,38
piccadilly,06:10,36,422.6,40
piccadilly,06:20,40,481.9,48
piccadilly,06:30,40,532.1,51
piccadilly,06:40,39,551.5,52
piccadilly,06:50,39,592.7,55
piccadilly,07:00,40,623.4,57
piccadilly,07:10,43,626.5,58
piccadilly,07:20,40,622.2,57
piccadilly,07:30,41,652.4,61
piccadilly,07:40,39,635.7,61
piccadilly,07:50,29,644.1,61
piccadilly,08:00,26,781.0,63
piccadilly,08:10,26,877.8,62
piccadilly,08:20,27,687.7,63
piccadilly,08:30,25,656.2,60
piccadilly,08:40,22,662.4,60
piccadilly,08:50,29,665.5,62
piccadilly,09:00,25,659.9,61
piccadilly,09:10,23,656.7,61
piccadilly,09:20,30,661.3,63
piccadilly,09:30,35,633.5,61
piccadilly,09:40,38,614.1,58
piccadilly,09:50,40,600.6,56
piccadilly,10:00,37,602.6,56
piccadilly,10:10,33,595.3,56
piccadilly,10:20,38,602.0,57
piccadilly,10:30,37,606.6,56
piccadilly,10:40,43,596.0,64
piccadilly,10:50,42,604.4,57
piccadilly,11:00,37,593.4,56
piccadilly,11:10,42,584.1,56
piccadilly,11:20,40,572.5,55
piccadilly,11:30,38,579.9,56
piccadilly,11:40,35,588.9,56
piccadilly,11:50,39,583.3,56
piccadilly,12:00,35,586.6,57
piccadilly,12:10,43,573.7,53
piccadilly,12:20,42,582.8,55
piccadilly,12:30,42,581.5,55
piccadilly,12:40,39,574.9,55
piccadilly,12:50,41,561.1,53
piccadilly,13:00,39,566.6,52
piccadilly,13:10,41,563.2,55
piccadilly,13:20,37,566.9,54
piccadilly,13:30,40,581.8,54
piccadilly,13:40,44,582.8,55
piccadilly,13:50,39,577.4,54
piccadilly,14:00,38,589.2,57
piccadilly,14:10,38,584.0,54
piccadilly,14:20,39,579.0,55
piccadilly,14:30,40,579.0,55
piccadilly,14:40,35,580.4,55
piccadilly,14:50,41,591.6,55
piccadilly,15:00,38,585.2,53
piccadilly,15:10,39,593.1,56
piccadilly,15:20,40,593.9,55
piccadilly,15:30,39,606.3,58
piccadilly,15:40,35,607.1,58
piccadilly,15:50,39,578.8,56
piccadilly,16:00,37,607.3,59
piccadilly,16:10,38,623.6,58
piccadilly,16:20,32,623.5,58
piccadilly,16:30,47,627.2,59
piccadilly,16:40,56,625.9,59
piccadilly,16:50,61,631.5,62
piccadilly,17:00,52,623.9,59
piccadilly,17:10,52,637.8,62
piccadilly,17:20,53,644.9,61
piccadilly,17:30,54,645.9,61
piccadilly,17:40,48,655.7,62
piccadilly,17:50,41,656.9,62
piccadilly,18:00,44,654.1,64
piccadilly,18:10,34,641.0,62
piccadilly,18:20,43,626.5,62
piccadilly,18:30,39,630.9,60
piccadilly,18:40,44,632.1,62
piccadilly,18:50,43,643.9,66
piccadilly,19:00,44,645.5,69
piccadilly,19:10,43,644.7,61
piccadilly,19:20,32,649.7,62
piccadilly,19:30,29,643.0,60
piccadilly,19:40,32,640.3,60
piccadilly,19:50,28,634.2,59
piccadilly,20:00,34,631.9,62
piccadilly,20:10,38,615.7,59
piccadilly,20:20,37,619.1,60
piccadilly,20:30,38,615.4,58
piccadilly,20:40,39,617.8,57
piccadilly,20:50,38,613.3,59
piccadilly,21:00,42,605.9,58
piccadilly,21:10,39,587.7,65
piccadilly,21:20,40,577.4,60
piccadilly,21:30,39,576.8,58
piccadilly,21:40,49,583.0,58
piccadilly,21:50,53,576.0,55
piccadilly,22:00,55,591.5,56
piccadilly,22:10,52,614.2,57
piccadilly,22:20,54,596.7,57
piccadilly,22:30,48,587.9,58
piccadilly,22:40,54,586.3,57
piccadilly,22:50,51,604.1,56
piccadilly,23:00,54,582.9,56
piccadilly,23:10,47,573.2,55
piccadilly,23:20,56,558.4,55
piccadilly,23:30,47,512.8,55
piccadilly,23:40,37,497.6,51
piccadilly,23:50,39,436.8,49
rb1,05:30,30,1.4,1
rb1,05:40,37,2.6,1
rb1,05:50,37,3.0,1
rb1,06:00,35,4.3,2
rb1,06:10,36,6.8,3
rb1,06:20,40,8.8,4
rb1,06:30,40,10.7,6
rb1,06:40,39,14.5,7
rb1,06:50,39,18.9,8
rb1,07:00,40,22.8,9
rb1,07:10,43,28.5,10
rb1,07:20,40,33.5,9
rb1,07:30,41,36.8,9
rb1,07:40,39,39.3,9
rb1,07:50,29,41.8,8
rb1,08:00,26,42.9,8
rb1,08:10,26,43.7,8
rb1,08:20,27,45.2,9
rb1,08:30,25,46.7,7
rb1,08:40,22,47.0,7
rb1,08:50,29,48.7,9
rb1,09:00,25,49.6,9
rb1,09:10,23,49.4,10
rb1,09:20,30,48.2,9
rb1,09:30,35,49.8,10
rb1,09:40,38,47.2,10
rb1,09:50,40,46.0,9
rb1,10:00,37,42.9,7
rb1,10:10,33,40.9,9
rb1,10:20,38,42.0,9
rb1,10:30,37,40.2,8
rb1,10:40,43,41.4,8
rb1,10:50,42,41.9,8
rb1,11:00,37,43.9,7
rb1,11:10,42,43.9,9
rb1,11:20,40,44.3,8
rb1,11:30,38,45.8,8
rb1,11:40,35,45.5,8
rb1,11:50,39,47.2,8
rb1,12:00,35,46.5,8
rb1,12:10,43,47.4,9
rb1,12:20,42,47.3,9
rb1,12:30,42,50.0,9
rb1,12:40,39,52.0,9
rb1,12:50,41,55.6,9
rb1,13:00,39,55.8,8
rb1,13:10,41,55.5,10
rb1,13:20,37,55.7,11
rb1,13:30,40,55.9,11
rb1,13:40,44,55.9,10
rb1,13:50,39,56.4,10
rb1,14:00,38,57.0,8
rb1,14:10,38,56.9,9
rb1,14:20,39,54.2,10
rb1,14:30,40,53.6,10
rb1,14:40,35,54.8,10
rb1,14:50,41,54.1,10
rb1,15:00,38,55.1,9
rb1,15:10,39,54.1,9
rb1,15:20,40,53.0,8
rb1,15:30,39,49.9,9
rb1,15:40,35,47.2,8
rb1,15:50,39,46.7,9
rb1,16:00,37,45.6,9
rb1,16:10,38,47.6,9
rb1,16:20,32,49.9,8
rb1,16:30,47,51.6,10
rb1,16:40,56,54.7,10
rb1,16:50,61,55.5,10
rb1,17:00,52,58.3,11
rb1,17:10,52,60.4,11
rb1,17:20,53,59.4,9
rb1,17:30,54,58.5,11
rb1,17:40,48,57.5,10
rb1,17:50,41,57.6,10
rb1,18:00,44,57.3,10
rb1,18:10,34,57.0,10
rb1,18:20,43,57.1,10
rb1,18:30,39,55.9,10
rb1,18:40,44,56.9,10
rb1,18:50,43,56.1,9
rb1,19:00,44,55.9,10
rb1,19:10,43,56.3,10
rb1,19:20,32,55.0,9
rb1,19:30,29,55.4,10
rb1,19:40,32,53.8,10
rb1,19:50,28,53.4,10
rb1,20:00,34,54.2,9
rb1,20:10,38,52.6,9
rb1,20:20,37,52.5,9
rb1,20:30,38,51.5,9
rb1,20:40,39,50.5,9
rb1,20:50,38,48.1,8
rb1,21:00,42,47.5,8
rb1,21:10,39,44.1,8
rb1,21:20,40,42.0,7
rb1,21:30,39,38.9,6
rb1,21:40,49,35.4,6
rb1,21:50,53,32.8,6
rb1,22:00,55,28.6,5
rb1,22:10,52,25.5,5
rb1,22:20,54,21.5,4
rb1,22:30,48,18.5,4
rb1,22:40,54,14.9,4
rb1,22:50,51,11.4,2
rb1,23:00,54,8.2,2
rb1,23:10,47,4.9,2
rb1,23:20,56,3.5,1
rb1,23:30,39,1.5,1
rb6,00:00,11,1.0,1
rb6,05:00,38,1.1,1
rb6,05:10,37,3.5,2
rb6,05:20,37,6.4,2
rb6,05:30,41,10.7,3
rb6,05:40,37,16.3,4
rb6,05:50,37,22.8,4
rb6,06:00,35,28.2,5
rb6,06:10,36,33.0,5
rb6,06:20,40,38.3,6
rb6,06:30,40,42.5,6
rb6,06:40,39,45.7,7
rb6,06:50,39,48.5,8
rb6,07:00,40,49.2,9
rb6,07:10,43,50.4,8
rb6,07:20,40,52.1,8
rb6,07:30,41,52.3,10
rb6,07:40,39,52.7,10
rb6,07:50,29,50.3,10
rb6,08:00,26,48.3,10
rb6,08:10,26,46.6,10
rb6,08:20,27,43.1,10
rb6,08:30,25,42.6,12
rb6,08:40,22,42.3,12
rb6,08:50,29,44.4,10
rb6,09:00,25,46.7,10
rb6,09:10,23,46.9,10
rb6,09:20,30,52.3,9
rb6,09:30,35,55.0,10
rb6,09:40,38,56.8,10
rb6,09:50,40,57.2,10
rb6,10:00,37,59.4,11
rb6,10:10,33,60.3,10
rb6,10:20,38,61.2,11
rb6,10:30,37,61.3,11
rb6,10:40,43,60.5,10
rb6,10:50,42,61.0,11
rb6,11:00,37,60.6,12
rb6,11:10,42,60.5,11
rb6,11:20,40,58.7,10
rb6,11:30,38,56.3,10
rb6,11:40,35,54.1,10
rb6,11:50,39,53.8,11
rb6,12:00,35,51.9,11
rb6,12:10,43,52.1,10
rb6,12:20,42,53.4,11
rb6,12:30,42,54.1,11
rb6,12:40,39,53.3,11
rb6,12:50,41,53.6,12
rb6,13:00,39,52.4,13
rb6,13:10,41,50.9,12
rb6,13:20,37,50.2,11
rb6,13:30,40,48.7,10
rb6,13:40,44,46.7,10
rb6,13:50,39,46.5,11
rb6,14:00,38,46.7,9
rb6,14:10,38,48.2,10
rb6,14:20,39,50.3,10
rb6,14:30,40,51.1,9
rb6,14:40,35,52.9,10
rb6,14:50,41,51.8,9
rb6,15:00,38,52.0,9
rb6,15:10,39,50.5,9
rb6,15:20,40,49.9,9
rb6,15:30,39,49.6,8
rb6,15:40,35,50.0,9
rb6,15:50,39,50.2,9
rb6,16:00,37,49.1,10
rb6,16:10,38,48.1,10
rb6,16:20,32,46.4,9
rb6,16:30,47,47.7,10
rb6,16:40,56,47.4,10
rb6,16:50,61,47.6,10
rb6,17:00,52,48.7,11
rb6,17:10,52,48.8,10
rb6,17:20,53,49.7,11
rb6,17:30,54,50.7,10
rb6,17:40,48,52.1,10
rb6,17:50,41,52.9,11
rb6,18:00,44,52.2,12
rb6,18:10,34,52.4,12
rb6,18:20,43,54.2,10
rb6,18:30,39,54.0,9
rb6,18:40,44,50.1,10
rb6,18:50,43,46.9,11
rb6,19:00,44,44.4,12
rb6,19:10,43,41.7,12
rb6,19:20,32,37.8,11
rb6,19:30,29,33.9,9
rb6,19:40,32,36.5,8
rb6,19:50,28,35.9,7
rb6,20:00,34,36.0,7
rb6,20:10,38,34.9,8
rb6,20:20,37,34.1,8
rb6,20:30,38,34.1,8
rb6,20:40,39,34.1,7
rb6,20:50,38,33.0,7
rb6,21:00,42,33.5,7
rb6,21:10,39,33.6,6
rb6,21:20,40,31.2,6
rb6,21:30,39,28.8,6
rb6,21:40,49,27.4,6
rb6,21:50,53,25.4,5
rb6,22:00,55,22.4,5
rb6,22:10,52,19.2,4
rb6,22:20,54,15.8,4
rb6,22:30,48,12.8,4
rb6,22:40,54,10.3,3
rb6,22:50,51,8.9,3
rb6,23:00,54,7.8,2
rb6,23:10,47,6.1,2
rb6,23:20,56,5.5,1
rb6,23:30,47,4.7,1
rb6,23:40,37,3.1,1
rb6,23:50,39,1.8,1
suffragette,00:00,39,7.7,3
suffragette,00:10,38,2.8,2
suffragette,00:20,15,1.0,1
suffragette,03:40,37,2.2,1
suffragette,03:50,45,6.6,2
suffragette,04:00,40,13.8,3
suffragette,04:10,36,22.8,4
suffragette,04:20,41,34.0,6
suffragette,04:30,36,49.0,7
suffragette,04:40,41,64.5,8
suffragette,04:50,38,79.4,10
suffragette,05:00,42,95.7,10
suffragette,05:10,37,110.6,12
suffragette,05:20,37,126.4,14
suffragette,05:30,41,142.0,14
suffragette,05:40,37,155.5,16
suffragette,05:50,37,166.1,18
suffragette,06:00,35,175.6,18
suffragette,06:10,36,184.4,20
suffragette,06:20,40,189.5,21
suffragette,06:30,40,191.3,21
suffragette,06:40,39,189.9,22
suffragette,06:50,39,188.6,22
suffragette,07:00,40,188.6,21
suffragette,07:10,43,189.2,22
suffragette,07:20,40,187.8,21
suffragette,07:30,41,188.9,21
suffragette,07:40,39,189.4,22
suffragette,07:50,29,187.7,22
suffragette,08:00,26,189.2,21
suffragette,08:10,26,187.7,21
suffragette,08:20,27,189.9,21
suffragette,08:30,25,189.7,21
suffragette,08:40,22,188.9,21
suffragette,08:50,29,191.5,21
suffragette,09:00,25,190.2,22
suffragette,09:10,23,190.3,22
suffragette,09:20,30,189.1,22
suffragette,09:30,35,190.6,21
suffragette,09:40,38,189.2,22
suffragette,09:50,40,189.1,22
suffragette,10:00,37,188.5,21
suffragette,10:10,33,189.2,21
suffragette,10:20,38,189.3,22
suffragette,10:30,37,189.9,21
suffragette,10:40,43,189.7,22
suffragette,10:50,42,191.0,22
suffragette,11:00,37,190.0,22
suffragette,11:10,42,190.2,22
suffragette,11:20,40,191.2,22
suffragette,11:30,38,191.2,21
suffragette,11:40,35,191.9,21
suffragette,11:50,39,192.4,22
suffragette,12:00,35,191.5,21
suffragette,12:10,43,191.9,22
suffragette,12:20,42,191.8,22
suffragette,12:30,42,191.9,22
suffragette,12:40,39,191.5,22
suffragette,12:50,41,190.7,22
suffragette,13:00,39,190.7,22
suffragette,13:10,41,191.0,22
suffragette,13:20,37,191.1,21
suffragette,13:30,40,191.5,21
suffragette,13:40,44,190.5,22
suffragette,13:50,39,190.3,22
suffragette,14:00,38,190.0,21
suffragette,14:10,38,190.9,22
suffragette,14:20,39,190.5,21
suffragette,14:30,40,191.5,21
suffragette,14:40,35,191.1,22
suffragette,14:50,41,191.6,22
suffragette,15:00,38,191.4,22
suffragette,15:10,39,191.1,22
suffragette,15:20,40,190.9,22
suffragette,15:30,39,190.1,21
suffragette,15:40,35,190.6,22
suffragette,15:50,39,190.1,21
suffragette,16:00,37,190.8,21
suffragette,16:10,38,189.9,22
suffragette,16:20,32,188.7,22
suffragette,16:30,47,189.5,21
suffragette,16:40,56,188.8,22
suffragette,16:50,61,189.2,22
suffragette,17:00,52,189.7,21
suffragette,17:10,52,190.2,22
suffragette,17:20,53,189.2,21
suffragette,17:30,54,189.8,21
suffragette,17:40,48,188.7,21
suffragette,17:50,41,188.8,21
suffragette,18:00,44,187.5,21
suffragette,18:10,34,189.2,21
suffragette,18:20,43,190.5,22
suffragette,18:30,39,190.4,21
suffragette,18:40,44,190.4,22
suffragette,18:50,43,191.3,22
suffragette,19:00,44,191.1,21
suffragette,19:10,43,190.1,22
suffragette,19:20,32,189.5,21
suffragette,19:30,29,189.4,21
suffragette,19:40,32,191.7,22
suffragette,19:50,28,192.8,22
suffragette,20:00,34,192.9,21
suffragette,20:10,38,193.3,22
suffragette,20:20,37,191.9,21
suffragette,20:30,38,188.2,20
suffragette,20:40,39,183.9,20
suffragette,20:50,38,180.4,20
suffragette,21:00,42,176.2,20
suffragette,21:10,39,173.6,19
suffragette,21:20,40,168.6,18
suffragette,21:30,39,165.1,19
suffragette,21:40,49,160.9,18
suffragette,21:50,53,155.2,17
suffragette,22:00,55,147.2,17
suffragette,22:10,52,135.6,16
suffragette,22:20,54,123.5,14
suffragette,22:30,48,111.0,13
suffragette,22:40,54,99.0,12
suffragette,22:50,51,87.8,9
suffragette,23:00,54,76.1,9
suffragette,23:10,47,64.0,7
suffragette,23:20,56,51.1,7
suffragette,23:30,47,40.0,6
suffragette,23:40,37,28.8,5
suffragette,23:50,39,17.4,4
tram,00:00,39,120.1,15
tram,00:10,38,117.1,15
tram,00:20,35,118.4,15
tram,00:30,39,100.9,14
tram,00:40,40,95.3,15
tram,00:50,38,84.7,13
tram,01:00,37,68.5,10
tram,01:10,38,46.3,7
tram,01:20,38,24.2,5
tram,01:30,37,10.3,2
tram,01:40,15,2.1,2
tram,04:10,20,13.9,1
tram,04:20,41,23.7,3
tram,04:30,36,34.0,4
tram,04:40,41,43.0,6
tram,04:50,38,66.8,9
tram,05:00,42,83.7,11
tram,05:10,37,97.2,13
tram,05:20,37,140.8,17
tram,05:30,41,146.0,17
tram,05:40,37,139.9,18
tram,05:50,37,156.9,18
tram,06:00,35,171.2,21
tram,06:10,36,179.8,23
tram,06:20,40,200.5,25
tram,06:30,40,212.1,26
tram,06:40,39,233.9,28
tram,06:50,39,221.8,27
tram,07:00,40,228.5,27
tram,07:10,43,222.4,28
tram,07:20,40,220.2,28
tram,07:30,41,225.7,27
tram,07:40,39,221.1,27
tram,07:50,29,212.2,26
tram,08:00,26,210.7,26
tram,08:10,26,215.8,26
tram,08:20,27,223.9,26
tram,08:30,25,220.5,27
tram,08:40,22,189.1,26
tram,08:50,29,196.3,26
tram,09:00,25,217.8,27
tram,09:10,23,227.7,27
tram,09:20,30,219.1,26
tram,09:30,35,210.0,25
tram,09:40,38,187.7,25
tram,09:50,40,209.4,25
tram,10:00,37,218.8,26
tram,10:10,33,225.1,27
tram,10:20,38,207.8,27
tram,10:30,37,208.1,27
tram,10:40,43,219.0,26
tram,10:50,42,227.3,26
tram,11:00,37,221.8,27
tram,11:10,42,214.8,27
tram,11:20,40,217.1,27
tram,11:30,38,219.9,27
tram,11:40,35,221.7,26
tram,11:50,39,214.6,27
tram,12:00,35,208.7,27
tram,12:10,43,208.8,27
tram,12:20,42,224.6,28
tram,12:30,42,225.4,27
tram,12:40,39,210.4,27
tram,12:50,41,207.6,27
tram,13:00,39,196.5,27
tram,13:10,41,203.2,26
tram,13:20,37,212.0,27
tram,13:30,40,209.8,27
tram,13:40,44,186.9,27
tram,13:50,39,192.4,27
tram,14:00,38,198.6,26
tram,14:10,38,206.7,26
tram,14:20,39,214.5,27
tram,14:30,40,200.2,26
tram,14:40,35,206.1,26
tram,14:50,41,209.1,26
tram,15:00,38,213.1,26
tram,15:10,39,215.7,26
tram,15:20,40,214.2,27
tram,15:30,39,217.1,28
tram,15:40,35,206.3,26
tram,15:50,39,196.5,25
tram,16:00,37,182.8,27
tram,16:10,38,188.5,26
tram,16:20,32,201.8,27
tram,16:30,47,204.7,27
tram,16:40,56,197.3,26
tram,16:50,61,187.5,27
tram,17:00,52,202.5,27
tram,17:10,52,197.1,27
tram,17:20,53,195.5,25
tram,17:30,54,209.6,26
tram,17:40,48,213.0,26
tram,17:50,41,193.6,25
tram,18:00,44,200.1,26
tram,18:10,34,211.5,26
tram,18:20,43,219.8,26
tram,18:30,39,218.1,27
tram,18:40,44,198.9,26
tram,18:50,43,201.0,25
tram,19:00,44,212.1,26
tram,19:10,43,222.8,27
tram,19:20,32,213.2,28
tram,19:30,29,192.8,27
tram,19:40,32,208.1,25
tram,19:50,28,200.3,24
tram,20:00,34,202.9,26
tram,20:10,38,185.0,24
tram,20:20,37,167.8,24
tram,20:30,38,169.6,23
tram,20:40,39,166.8,21
tram,20:50,38,163.8,21
tram,21:00,42,151.0,21
tram,21:10,39,137.0,18
tram,21:20,40,133.3,17
tram,21:30,39,130.0,17
tram,21:40,49,131.8,16
tram,21:50,53,120.5,15
tram,22:00,55,126.6,16
tram,22:10,52,120.1,15
tram,22:20,54,121.8,15
tram,22:30,48,118.3,15
tram,22:40,54,120.0,15
tram,22:50,51,124.0,15
tram,23:00,54,120.0,15
tram,23:10,47,125.1,15
tram,23:20,56,130.1,15
tram,23:30,47,123.7,15
tram,23:40,37,120.4,15
tram,23:50,39,133.1,15
victoria,00:00,39,51.3,9
victoria,00:10,38,46.1,8
victoria,00:20,35,22.8,6
victoria,00:30,39,7.9,3
victoria,00:40,35,2.5,2
victoria,02:10,4,2.0,2
victoria,02:20,1,2.0,2
victoria,02:30,1,2.0,2
victoria,02:40,8,2.0,2
victoria,03:00,26,13.0,1
victoria,03:10,27,13.0,1
victoria,03:20,27,13.0,1
victoria,03:30,27,13.0,1
victoria,03:40,22,13.0,1
victoria,03:50,30,13.1,3
victoria,04:00,27,13.1,3
victoria,04:10,26,13.0,1
victoria,04:20,33,15.4,5
victoria,04:30,36,18.9,5
victoria,04:40,41,18.1,5
victoria,04:50,38,18.1,5
victoria,05:00,42,18.8,5
victoria,05:10,37,29.5,5
victoria,05:20,37,39.0,6
victoria,05:30,41,68.6,9
victoria,05:40,37,90.7,11
victoria,05:50,37,101.5,14
victoria,06:00,35,117.4,16
victoria,06:10,36,145.0,20
victoria,06:20,40,167.7,22
victoria,06:30,40,169.8,23
victoria,06:40,39,173.8,24
victoria,06:50,39,171.2,25
victoria,07:00,40,176.4,24
victoria,07:10,43,174.4,23
victoria,07:20,40,178.0,23
victoria,07:30,41,178.8,25
victoria,07:40,39,189.8,24
victoria,07:50,29,185.5,24
victoria,08:00,26,179.3,24
victoria,08:10,26,174.7,23
victoria,08:20,27,179.1,24
victoria,08:30,25,180.2,23
victoria,08:40,22,176.7,23
victoria,08:50,29,180.6,24
victoria,09:00,25,169.3,23
victoria,09:10,23,179.6,23
victoria,09:20,30,176.3,23
victoria,09:30,35,173.4,24
victoria,09:40,38,172.1,24
victoria,09:50,40,167.9,24
victoria,10:00,37,153.6,22
victoria,10:10,33,155.5,21
victoria,10:20,38,159.6,22
victoria,10:30,37,154.6,21
victoria,10:40,43,150.6,20
victoria,10:50,42,146.5,19
victoria,11:00,37,145.6,20
victoria,11:10,42,147.5,19
victoria,11:20,40,151.4,19
victoria,11:30,38,150.1,19
victoria,11:40,35,140.7,19
victoria,11:50,39,141.2,18
victoria,12:00,35,145.3,19
victoria,12:10,43,152.5,20
victoria,12:20,42,145.2,19
victoria,12:30,42,144.5,19
victoria,12:40,39,141.6,19
victoria,12:50,41,146.0,20
victoria,13:00,39,141.4,19
victoria,13:10,41,136.6,19
victoria,13:20,37,142.1,19
victoria,13:30,40,150.1,19
victoria,13:40,44,140.8,19
victoria,13:50,39,139.9,19
victoria,14:00,38,141.7,20
victoria,14:10,38,140.3,18
victoria,14:20,39,143.2,19
victoria,14:30,40,135.9,19
victoria,14:40,35,143.3,19
victoria,14:50,41,142.5,18
victoria,15:00,38,143.7,19
victoria,15:10,39,139.2,19
victoria,15:20,40,140.3,18
victoria,15:30,39,145.4,19
victoria,15:40,35,145.5,20
victoria,15:50,39,139.1,19
victoria,16:00,37,141.9,19
victoria,16:10,38,145.6,19
victoria,16:20,32,161.0,20
victoria,16:30,47,163.0,21
victoria,16:40,56,161.9,23
victoria,16:50,61,166.1,22
victoria,17:00,52,171.5,22
victoria,17:10,52,166.4,23
victoria,17:20,53,162.2,23
victoria,17:30,54,165.4,23
victoria,17:40,48,166.6,24
victoria,17:50,41,164.2,24
victoria,18:00,44,166.0,23
victoria,18:10,34,173.9,24
victoria,18:20,43,174.9,24
victoria,18:30,39,174.3,23
victoria,18:40,44,170.7,24
victoria,18:50,43,167.6,24
victoria,19:00,44,171.0,24
victoria,19:10,43,163.9,23
victoria,19:20,32,155.2,24
victoria,19:30,29,165.0,24
victoria,19:40,32,170.1,23
victoria,19:50,28,164.4,22
victoria,20:00,34,151.9,22
victoria,20:10,38,153.5,22
victoria,20:20,37,149.4,22
victoria,20:30,38,151.7,21
victoria,20:40,39,151.3,22
victoria,20:50,38,142.3,22
victoria,21:00,42,144.0,20
victoria,21:10,39,148.8,20
victoria,21:20,40,148.4,21
victoria,21:30,39,148.4,22
victoria,21:40,49,135.4,20
victoria,21:50,53,139.9,21
victoria,22:00,55,138.3,20
victoria,22:10,52,135.2,20
victoria,22:20,54,125.6,20
victoria,22:30,48,120.8,19
victoria,22:40,54,118.5,17
victoria,22:50,51,112.3,17
victoria,23:00,54,103.2,18
victoria,23:10,47,94.9,16
victoria,23:20,56,86.1,14
victoria,23:30,47,79.9,13
victoria,23:40,37,72.5,13
victoria,23:50,39,64.4,9
waterloo-city,00:00,31,2.0,3
waterloo-city,00:10,31,1.9,3
waterloo-city,00:20,26,1.6,2
waterloo-city,00:30,4,1.0,1
waterloo-city,00:40,2,1.5,2
waterloo-city,00:50,1,2.0,2
waterloo-city,01:20,10,3.1,2
waterloo-city,01:30,7,2.0,2
waterloo-city,01:40,2,2.0,2
waterloo-city,02:00,2,2.0,1
waterloo-city,02:10,4,2.0,2
waterloo-city,02:30,1,2.0,2
waterloo-city,02:40,7,2.0,2
waterloo-city,03:50,3,1.7,2
waterloo-city,04:00,1,2.0,2
waterloo-city,04:10,1,2.0,2
waterloo-city,04:30,2,2.0,2
waterloo-city,05:00,3,1.3,2
waterloo-city,05:20,1,1.0,1
waterloo-city,05:30,15,2.0,1
waterloo-city,05:40,11,1.1,2
waterloo-city,06:00,20,2.2,2
waterloo-city,06:10,30,2.6,2
waterloo-city,06:20,36,2.3,2
waterloo-city,06:30,39,2.6,3
waterloo-city,06:40,38,3.7,4
waterloo-city,06:50,39,4.2,4
waterloo-city,07:00,40,4.6,4
waterloo-city,07:10,43,4.9,5
waterloo-city,07:20,40,4.7,5
waterloo-city,07:30,41,4.6,4
waterloo-city,07:40,39,4.9,5
waterloo-city,07:50,29,4.7,4
waterloo-city,08:00,26,4.7,4
waterloo-city,08:10,26,4.6,4
waterloo-city,08:20,27,4.5,4
waterloo-city,08:30,25,5.4,5
waterloo-city,08:40,22,4.6,4
waterloo-city,08:50,29,4.7,5
waterloo-city,09:00,25,4.7,4
waterloo-city,09:10,23,5.5,5
waterloo-city,09:20,30,4.2,4
waterloo-city,09:30,35,4.4,5
waterloo-city,09:40,38,4.1,4
waterloo-city,09:50,40,3.8,4
waterloo-city,10:00,37,3.3,4
waterloo-city,10:10,33,3.7,4
waterloo-city,10:20,38,3.5,4
waterloo-city,10:30,36,3.4,4
waterloo-city,10:40,39,2.7,3
waterloo-city,10:50,42,3.0,3
waterloo-city,11:00,36,2.8,3
waterloo-city,11:10,38,2.4,3
waterloo-city,11:20,36,2.6,3
waterloo-city,11:30,36,2.3,3
waterloo-city,11:40,31,2.9,3
waterloo-city,11:50,36,2.5,2
waterloo-city,12:00,34,2.4,3
waterloo-city,12:10,40,2.4,3
waterloo-city,12:20,39,2.7,3
waterloo-city,12:30,41,2.6,3
waterloo-city,12:40,37,2.6,3
waterloo-city,12:50,39,2.6,3
waterloo-city,13:00,38,2.6,3
waterloo-city,13:10,40,2.5,3
waterloo-city,13:20,37,2.5,3
waterloo-city,13:30,38,2.5,3
waterloo-city,13:40,44,2.5,3
waterloo-city,13:50,37,2.4,2
waterloo-city,14:00,38,2.5,3
waterloo-city,14:10,38,2.5,3
waterloo-city,14:20,37,2.5,3
waterloo-city,14:30,39,2.6,3
waterloo-city,14:40,34,2.3,3
waterloo-city,14:50,37,2.4,3
waterloo-city,15:00,38,2.3,3
waterloo-city,15:10,37,2.5,3
waterloo-city,15:20,38,2.2,2
waterloo-city,15:30,39,2.5,2
waterloo-city,15:40,35,2.5,3
waterloo-city,15:50,39,2.4,3
waterloo-city,16:00,33,2.5,3
waterloo-city,16:10,38,3.3,4
waterloo-city,16:20,32,4.6,4
waterloo-city,16:30,46,4.2,4
waterloo-city,16:40,56,4.5,4
waterloo-city,16:50,61,4.3,5
waterloo-city,17:00,52,4.3,4
waterloo-city,17:10,52,4.3,4
waterloo-city,17:20,53,4.0,4
waterloo-city,17:30,54,4.0,4
waterloo-city,17:40,48,3.9,4
waterloo-city,17:50,41,3.3,5
waterloo-city,18:00,44,4.0,5
waterloo-city,18:10,34,4.3,4
waterloo-city,18:20,43,4.9,5
waterloo-city,18:30,39,4.4,5
waterloo-city,18:40,44,4.1,4
waterloo-city,18:50,43,4.2,4
waterloo-city,19:00,44,4.3,4
waterloo-city,19:10,43,4.5,4
waterloo-city,19:20,32,4.5,4
waterloo-city,19:30,29,4.3,4
waterloo-city,19:40,32,4.6,4
waterloo-city,19:50,28,4.0,5
waterloo-city,20:00,34,3.5,3
waterloo-city,20:10,38,3.3,4
waterloo-city,20:20,37,3.7,3
waterloo-city,20:30,38,3.1,3
waterloo-city,20:40,39,3.4,3
waterloo-city,20:50,38,3.1,4
waterloo-city,21:00,42,3.7,4
waterloo-city,21:10,39,3.7,4
waterloo-city,21:20,40,3.4,4
waterloo-city,21:30,37,2.5,3
waterloo-city,21:40,44,2.4,3
waterloo-city,21:50,49,2.3,2
waterloo-city,22:00,43,2.5,2
waterloo-city,22:10,42,2.6,2
waterloo-city,22:20,38,2.5,2
waterloo-city,22:30,31,2.6,2
waterloo-city,22:40,42,2.5,2
waterloo-city,22:50,35,2.4,2
waterloo-city,23:00,44,3.0,3
waterloo-city,23:10,39,2.8,3
waterloo-city,23:20,36,2.6,4
waterloo-city,23:30,36,2.3,2
waterloo-city,23:40,27,1.8,2
waterloo-city,23:50,26,2.0,2
weaver,00:00,39,41.7,6
weaver,00:10,38,26.7,6
weaver,00:20,35,14.3,3
weaver,00:30,39,6.1,2
weaver,00:40,40,1.6,1
weaver,00:50,6,1.0,1
weaver,03:10,20,1.9,2
weaver,03:20,42,8.0,3
weaver,03:30,42,17.7,3
weaver,03:40,37,29.4,5
weaver,03:50,45,42.3,8
weaver,04:00,40,64.8,11
weaver,04:10,36,90.6,12
weaver,04:20,41,119.8,15
weaver,04:30,36,151.7,19
weaver,04:40,41,186.0,23
weaver,04:50,38,223.0,25
weaver,05:00,42,262.4,29
weaver,05:10,37,299.9,32
weaver,05:20,37,333.4,35
weaver,05:30,41,362.3,39
weaver,05:40,37,387.3,40
weaver,05:50,37,413.4,42
weaver,06:00,35,431.2,46
weaver,06:10,36,449.2,47
weaver,06:20,40,459.3,49
weaver,06:30,40,465.8,50
weaver,06:40,39,468.0,50
weaver,06:50,39,469.5,51
weaver,07:00,40,469.5,52
weaver,07:10,43,467.9,51
weaver,07:20,40,465.4,51
weaver,07:30,41,461.8,51
weaver,07:40,39,459.0,50
weaver,07:50,29,450.9,50
weaver,08:00,26,450.8,49
weaver,08:10,26,442.2,48
weaver,08:20,27,436.1,48
weaver,08:30,25,427.1,47
weaver,08:40,22,415.5,47
weaver,08:50,29,406.6,46
weaver,09:00,25,399.8,45
weaver,09:10,23,391.2,44
weaver,09:20,30,381.9,44
weaver,09:30,35,381.2,43
weaver,09:40,38,376.5,42
weaver,09:50,40,371.3,43
weaver,10:00,37,366.5,42
weaver,10:10,33,364.6,41
weaver,10:20,38,363.6,41
weaver,10:30,37,363.8,41
weaver,10:40,43,364.5,41
weaver,10:50,42,365.0,41
weaver,11:00,37,364.2,41
weaver,11:10,42,362.5,41
weaver,11:20,40,364.6,41
weaver,11:30,38,364.0,41
weaver,11:40,35,364.9,40
weaver,11:50,39,364.7,41
weaver,12:00,35,364.8,41
weaver,12:10,43,364.7,40
weaver,12:20,42,364.6,41
weaver,12:30,42,364.9,41
weaver,12:40,39,365.4,41
weaver,12:50,41,365.8,41
weaver,13:00,39,365.8,41
weaver,13:10,41,365.8,41
weaver,13:20,37,367.2,41
weaver,13:30,40,365.9,41
weaver,13:40,44,365.2,41
weaver,13:50,39,365.2,41
weaver,14:00,38,365.6,42
weaver,14:10,38,370.4,41
weaver,14:20,39,374.8,42
weaver,14:30,40,379.9,43
weaver,14:40,35,389.7,44
weaver,14:50,41,397.2,45
weaver,15:00,38,406.1,45
weaver,15:10,39,415.0,45
weaver,15:20,40,421.5,46
weaver,15:30,39,430.7,47
weaver,15:40,35,439.9,47
weaver,15:50,39,445.4,49
weaver,16:00,37,455.5,49
weaver,16:10,38,466.2,49
weaver,16:20,32,467.5,50
weaver,16:30,47,470.6,51
weaver,16:40,56,470.5,51
weaver,16:50,61,472.2,50
weaver,17:00,52,470.1,52
weaver,17:10,52,465.9,51
weaver,17:20,53,459.1,49
weaver,17:30,54,451.7,50
weaver,17:40,48,445.4,48
weaver,17:50,41,443.8,49
weaver,18:00,44,431.2,48
weaver,18:10,34,421.5,48
weaver,18:20,43,415.8,46
weaver,18:30,39,407.9,47
weaver,18:40,44,394.5,46
weaver,18:50,43,392.3,43
weaver,19:00,44,383.0,44
weaver,19:10,43,373.5,44
weaver,19:20,32,370.8,42
weaver,19:30,29,366.8,42
weaver,19:40,32,368.0,40
weaver,19:50,28,366.9,41
weaver,20:00,34,365.8,41
weaver,20:10,38,365.7,40
weaver,20:20,37,365.9,41
weaver,20:30,38,365.1,41
weaver,20:40,39,365.4,40
weaver,20:50,38,364.3,41
weaver,21:00,42,359.2,39
weaver,21:10,39,354.5,38
weaver,21:20,40,342.9,37
weaver,21:30,39,331.9,35
weaver,21:40,49,322.0,34
weaver,21:50,53,314.0,34
weaver,22:00,55,301.5,30
weaver,22:10,52,286.7,29
weaver,22:20,54,269.1,28
weaver,22:30,48,245.7,24
weaver,22:40,54,220.1,22
weaver,22:50,51,192.9,20
weaver,23:00,54,168.0,16
weaver,23:10,47,145.5,15
weaver,23:20,56,123.3,13
weaver,23:30,47,104.3,11
weaver,23:40,37,85.7,9
weaver,23:50,39,62.4,8
windrush,00:00,39,104.6,20
windrush,00:10,38,59.7,14
windrush,00:20,35,26.0,9
windrush,00:30,39,7.7,5
windrush,00:40,40,2.2,2
windrush,00:50,8,1.0,1
windrush,03:30,20,2.4,3
windrush,03:40,37,13.7,7
windrush,03:50,45,45.1,12
windrush,04:00,40,101.4,17
windrush,04:10,36,158.6,21
windrush,04:20,41,229.0,26
windrush,04:30,36,308.1,33
windrush,04:40,41,387.7,38
windrush,04:50,38,463.8,43
windrush,05:00,42,546.5,49
windrush,05:10,37,630.4,53
windrush,05:20,37,712.9,58
windrush,05:30,41,792.0,65
windrush,05:40,37,861.4,68
windrush,05:50,37,910.0,74
windrush,06:00,35,935.5,79
windrush,06:10,36,960.3,81
windrush,06:20,40,974.8,84
windrush,06:30,40,976.4,85
windrush,06:40,39,979.2,84
windrush,06:50,39,976.7,86
windrush,07:00,40,976.9,86
windrush,07:10,43,975.6,84
windrush,07:20,40,973.8,86
windrush,07:30,41,970.1,86
windrush,07:40,39,973.5,84
windrush,07:50,29,966.6,86
windrush,08:00,26,975.9,86
windrush,08:10,26,973.2,84
windrush,08:20,27,981.3,86
windrush,08:30,25,982.0,87
windrush,08:40,22,980.9,85
windrush,08:50,29,985.3,87
windrush,09:00,25,988.7,86
windrush,09:10,23,986.9,85
windrush,09:20,30,985.1,87
windrush,09:30,35,991.3,87
windrush,09:40,38,991.3,86
windrush,09:50,40,986.9,87
windrush,10:00,37,987.1,87
windrush,10:10,33,981.3,86
windrush,10:20,38,983.2,86
windrush,10:30,37,981.4,86
windrush,10:40,43,982.1,85
windrush,10:50,42,983.4,86
windrush,11:00,37,983.4,86
windrush,11:10,42,982.6,85
windrush,11:20,40,982.9,87
windrush,11:30,38,983.4,86
windrush,11:40,35,982.1,84
windrush,11:50,39,978.3,86
windrush,12:00,35,982.5,86
windrush,12:10,43,982.0,85
windrush,12:20,42,981.5,87
windrush,12:30,42,983.8,87
windrush,12:40,39,983.3,85
windrush,12:50,41,984.0,86
windrush,13:00,39,982.9,86
windrush,13:10,41,979.8,85
windrush,13:20,37,984.4,86
windrush,13:30,40,983.0,86
windrush,13:40,44,981.5,85
windrush,13:50,39,978.3,86
windrush,14:00,38,979.6,86
windrush,14:10,38,982.9,84
windrush,14:20,39,983.4,86
windrush,14:30,40,981.9,86
windrush,14:40,35,982.4,84
windrush,14:50,41,983.1,86
windrush,15:00,38,983.4,86
windrush,15:10,39,984.6,84
windrush,15:20,40,982.6,86
windrush,15:30,39,982.8,88
windrush,15:40,35,982.7,85
windrush,15:50,39,980.7,86
windrush,16:00,37,976.8,86
windrush,16:10,38,978.1,85
windrush,16:20,32,975.5,86
windrush,16:30,47,976.2,87
windrush,16:40,56,971.9,85
windrush,16:50,61,976.7,86
windrush,17:00,52,976.0,87
windrush,17:10,52,976.9,85
windrush,17:20,53,973.3,86
windrush,17:30,54,976.9,86
windrush,17:40,48,979.1,85
windrush,17:50,41,980.1,86
windrush,18:00,44,977.2,87
windrush,18:10,34,981.7,85
windrush,18:20,43,988.1,87
windrush,18:30,39,987.5,86
windrush,18:40,44,989.2,85
windrush,18:50,43,988.3,87
windrush,19:00,44,987.8,87
windrush,19:10,43,984.0,87
windrush,19:20,32,987.5,87
windrush,19:30,29,985.5,88
windrush,19:40,32,995.2,86
windrush,19:50,28,995.2,87
windrush,20:00,34,991.1,88
windrush,20:10,38,988.1,85
windrush,20:20,37,989.5,87
windrush,20:30,38,987.2,87
windrush,20:40,39,986.9,86
windrush,20:50,38,987.4,87
windrush,21:00,42,984.6,87
windrush,21:10,39,986.8,85
windrush,21:20,40,980.5,86
windrush,21:30,39,951.3,85
windrush,21:40,49,942.3,84
windrush,21:50,53,944.0,83
windrush,22:00,55,927.1,81
windrush,22:10,52,891.2,77
windrush,22:20,54,846.0,72
windrush,22:30,48,784.8,67
windrush,22:40,54,710.5,61
windrush,22:50,51,631.5,57
windrush,23:00,54,554.6,50
windrush,23:10,47,477.6,46
windrush,23:20,56,397.3,40
windrush,23:30,47,317.9,35
windrush,23:40,37,239.6,30
windrush,23:50,39,168.7,24
