line,mode,rows,vid_missing,vid_missing_pct,vid_000,vid_000_pct
bakerloo,tube,955593,0,0.0,0,0.0
central,tube,2341762,0,0.0,0,0.0
circle,tube,527510,0,0.0,93,0.018
district,tube,1936495,0,0.0,6641,0.343
dlr,dlr,1258072,1258072,100.0,0,0.0
elizabeth,elizabeth,6970606,0,0.0,0,0.0
hammersmith-city,tube,1205099,0,0.0,135,0.011
jubilee,tube,1646676,0,0.0,20155,1.224
liberty,overground,58165,0,0.0,0,0.0
lioness,overground,1264471,0,0.0,0,0.0
metropolitan,tube,1035244,0,0.0,258462,24.966
mildmay,overground,3343753,0,0.0,0,0.0
northern,tube,3489586,0,0.0,0,0.0
piccadilly,tube,2711380,0,0.0,1199,0.044
rb1,other,182891,0,0.0,0,0.0
rb6,other,185886,0,0.0,0,0.0
suffragette,overground,792528,0,0.0,0,0.0
tram,tram,888824,0,0.0,0,0.0
victoria,tube,669578,0,0.0,0,0.0
waterloo-city,tube,13954,0,0.0,0,0.0
weaver,overground,1725746,0,0.0,0,0.0
windrush,overground,4248690,0,0.0,0,0.0
