line,mode,class,rows,pct
bakerloo,tube,approaching,84353,8.827
bakerloo,tube,at,436538,45.682
bakerloo,tube,between,148982,15.591
bakerloo,tube,left,82284,8.611
bakerloo,tube,other,51976,5.439
bakerloo,tube,sidings,151460,15.85
central,tube,approaching,171072,7.305
central,tube,at,930825,39.749
central,tube,between,1061205,45.317
central,tube,left,171932,7.342
central,tube,other,2330,0.099
central,tube,sidings,4398,0.188
circle,tube,approaching,45859,8.693
circle,tube,at,320544,60.765
circle,tube,between,117718,22.316
circle,tube,left,40881,7.75
circle,tube,other,1613,0.306
circle,tube,sidings,895,0.17
district,tube,approaching,228282,11.788
district,tube,at,945938,48.848
district,tube,between,486918,25.144
district,tube,empty,10523,0.543
district,tube,leaving,355,0.018
district,tube,left,249779,12.899
district,tube,other,2347,0.121
district,tube,sidings,12353,0.638
dlr,dlr,empty,1258072,100.0
elizabeth,elizabeth,empty,6970606,100.0
hammersmith-city,tube,approaching,103890,8.621
hammersmith-city,tube,at,616223,51.135
hammersmith-city,tube,between,296265,24.584
hammersmith-city,tube,empty,10275,0.853
hammersmith-city,tube,left,110645,9.181
hammersmith-city,tube,other,3593,0.298
hammersmith-city,tube,sidings,64208,5.328
jubilee,tube,approaching,164749,10.005
jubilee,tube,at,706767,42.921
jubilee,tube,between,594951,36.13
jubilee,tube,empty,3045,0.185
jubilee,tube,leaving,95266,5.785
jubilee,tube,left,81898,4.974
liberty,overground,empty,58165,100.0
lioness,overground,empty,1264471,100.0
metropolitan,tube,approaching,100208,9.68
metropolitan,tube,at,361351,34.905
metropolitan,tube,between,428846,41.425
metropolitan,tube,empty,10159,0.981
metropolitan,tube,leaving,4543,0.439
metropolitan,tube,left,90314,8.724
metropolitan,tube,other,8137,0.786
metropolitan,tube,sidings,31686,3.061
mildmay,overground,empty,3343753,100.0
northern,tube,approaching,291426,8.351
northern,tube,at,1517396,43.484
northern,tube,between,1226035,35.134
northern,tube,departed,264384,7.576
northern,tube,empty,7871,0.226
northern,tube,leaving,3935,0.113
northern,tube,left,113191,3.244
northern,tube,other,60186,1.725
northern,tube,sidings,5162,0.148
piccadilly,tube,approaching,177374,6.542
piccadilly,tube,at,976499,36.015
piccadilly,tube,between,1290256,47.587
piccadilly,tube,empty,73493,2.711
piccadilly,tube,leaving,1205,0.044
piccadilly,tube,left,185977,6.859
piccadilly,tube,other,3364,0.124
piccadilly,tube,sidings,3212,0.118
rb1,other,empty,182891,100.0
rb6,other,empty,185886,100.0
suffragette,overground,empty,792528,100.0
tram,tram,empty,888824,100.0
victoria,tube,approaching,64543,9.639
victoria,tube,at,235901,35.231
victoria,tube,between,306232,45.735
victoria,tube,departed,31735,4.74
victoria,tube,empty,84,0.013
victoria,tube,left,3267,0.488
victoria,tube,other,16353,2.442
victoria,tube,sidings,11463,1.712
waterloo-city,tube,approaching,450,3.225
waterloo-city,tube,at,2568,18.403
waterloo-city,tube,between,9666,69.27
waterloo-city,tube,empty,313,2.243
waterloo-city,tube,left,637,4.565
waterloo-city,tube,other,320,2.293
weaver,overground,empty,1725746,100.0
windrush,overground,empty,4248690,100.0
