line,mode,pairs,regress,regress_pct,stall,stall_pct
bakerloo,tube,882192,134453,15.241,324284,36.759
central,tube,2153633,179349,8.328,544836,25.298
circle,tube,508240,41866,8.237,133248,26.218
district,tube,1646248,134105,8.146,424359,25.777
dlr,dlr,1191461,157338,13.205,405984,34.074
elizabeth,elizabeth,6894624,28280,0.41,84418,1.224
hammersmith-city,tube,1109702,82145,7.402,275454,24.822
jubilee,tube,1437557,114007,7.931,339899,23.644
liberty,overground,57578,38,0.066,161,0.28
lioness,overground,1254993,3059,0.244,17564,1.4
metropolitan,tube,727676,100246,13.776,235325,32.339
mildmay,overground,3317663,12077,0.364,36932,1.113
northern,tube,3154801,308475,9.778,857132,27.169
piccadilly,tube,2369669,244029,10.298,683149,28.829
rb1,other,180400,2467,1.368,4501,2.495
rb6,other,183378,3111,1.696,5295,2.887
suffragette,overground,786181,1591,0.202,4633,0.589
tram,tram,849389,40998,4.827,167943,19.772
victoria,tube,566584,67051,11.834,182765,32.257
waterloo-city,tube,7208,585,8.116,2658,36.876
weaver,overground,1711750,4041,0.236,22862,1.336
windrush,overground,4215032,9862,0.234,55856,1.325
