mode,horizon_s,n,mean_err,p10,p50,p90
tube,30,253870,16.33,0,0,30
tube,60,198328,27.05,0,0,40
tube,120,266930,29.78,-30,0,60
tube,180,263457,29.34,-30,0,70
tube,300,308184,45.09,-30,20,110
tube,480,292479,51.65,-50,30,130
tube,600,270517,49.6,-60,30,160
tube,900,262993,51.12,-90,20,190
tube,1200,225346,40.95,-130,20,210
tube,1800,189853,16.5,-190,0,230
tube,3600,980,-46.61,-250,-70,170
dlr,30,8451,12.13,0,0,60
dlr,60,29291,27.37,0,20,60
dlr,120,27321,34.94,0,30,90
dlr,180,27827,41.91,0,40,90
dlr,300,30792,48.69,0,40,100
dlr,480,28332,52.14,0,40,110
dlr,600,24776,52.85,0,40,110
dlr,900,23666,50.66,-10,40,110
dlr,1200,8580,57.81,-10,40,110
dlr,1800,4682,69.02,-10,50,120
elizabeth,30,29394,6.88,0,0,0
elizabeth,60,20819,6.26,0,0,0
elizabeth,120,31061,9.16,0,0,20
elizabeth,180,30789,10.79,0,0,30
elizabeth,300,34024,15.27,0,0,40
elizabeth,480,33965,20.94,0,0,60
elizabeth,600,33733,23.55,0,0,60
elizabeth,900,33691,36.01,0,0,100
elizabeth,1200,33412,38.99,0,0,110
elizabeth,1800,33239,42.57,0,0,120
elizabeth,3600,32784,45.31,0,0,130
elizabeth,7200,31568,46.69,0,0,130
overground,30,45743,4.39,0,0,0
overground,60,33664,5.94,0,0,10
overground,120,49601,9.02,0,0,30
overground,180,48682,11.84,0,0,40
overground,300,54307,17.01,0,0,60
overground,480,54186,23.88,0,0,80
overground,600,53979,27.95,0,0,90
overground,900,53876,40.06,0,0,120
overground,1200,53552,42.27,0,0,130
overground,1800,53232,44.22,0,0,140
overground,3600,52523,45.29,0,0,140
overground,7200,50630,45.24,0,0,140
other,30,2803,1.51,0,0,0
other,60,2159,5.0,0,0,0
other,120,3355,4.08,0,0,0
other,180,3313,7.54,0,0,0
other,300,3620,10.7,0,0,0
other,480,3625,14.1,0,0,40
other,600,3577,18.15,-40,0,60
other,900,3593,24.29,-50,0,80
other,1200,3567,29.25,-60,0,100
other,1800,3547,38.81,-70,0,150
other,3600,3504,62.78,-50,0,240
other,7200,7,33.42,0,0,230
tram,30,12372,6.92,0,0,0
tram,60,10130,9.94,0,0,0
tram,120,14350,11.96,0,0,30
tram,180,13821,12.42,0,0,30
tram,300,15360,14.4,-20,0,50
tram,480,14480,15.58,-40,0,60
tram,600,12654,16.29,-50,0,70
tram,900,11570,18.25,-60,0,90
tram,1200,8485,21.78,-70,10,110
tram,1800,5855,19.42,-90,10,130
tram,3600,308,-267.83,-1090,-90,20
tram,7200,2,-4813.25,-1200,-1200,-1200
