line,vid_obs,gap1,gap2,gap3plus,episodes_per_1000_obs,gone
bakerloo,94642,134,252,1161,16.35,450
central,230102,306,290,2130,11.85,1067
circle,47209,57,7,45,2.31,621
district,237862,807,907,2389,17.25,2634
dlr,0,0,0,0,,1530
elizabeth,492397,377,85,107,1.16,2087
hammersmith-city,173294,536,279,438,7.23,2669
jubilee,158402,196,265,1237,10.72,2017
liberty,30356,32,4,4,1.32,186
lioness,96639,71,7,19,1.0,444
metropolitan,105276,587,318,863,16.79,20334
mildmay,260662,444,32,29,1.94,1273
northern,316484,863,396,2455,11.74,811
piccadilly,243147,611,227,962,7.4,1649
rb1,31922,0,0,0,0.0,196
rb6,34104,1,0,1,0.06,185
suffragette,85393,115,17,27,1.86,424
tram,101361,137,226,1159,15.02,410
victoria,81499,95,72,1618,21.9,311
waterloo-city,8778,198,254,1267,195.83,74
weaver,182484,131,14,21,0.91,933
windrush,361043,255,32,50,0.93,1770
