line,mode,rows,posless_rows,tt_rows,tt_pct_of_rows,train_obs,undeparted,undeparted_pct,first_tts_p50,first_tts_p90,tts_edges,tts_counts
bakerloo,tube,955593,0,0,0.0,95173,0,0.0,990,1710,0 15 30 60 120 240 480 900 1800 3600 7200,7945 9473 23285 51611 94027 198837 260924 309385 106 0 0
central,tube,2341762,0,0,0.0,231398,0,0.0,1680,1770,0 15 30 60 120 240 480 900 1800 3600 7200,20405 23093 44849 99497 202242 398904 582254 969727 791 0 0
circle,tube,527510,0,0,0.0,47937,0,0.0,1620,1770,0 15 30 60 120 240 480 900 1800 3600 7200,3942 4944 11161 21025 42888 87149 133098 223253 50 0 0
district,tube,1936495,0,0,0.0,242038,0,0.0,930,1710,0 15 30 60 120 240 480 900 1800 3600 7200,23591 25861 58719 119827 229692 385796 524296 568541 172 0 0
dlr,dlr,1258072,0,0,0.0,546999,0,0.0,750,1530,0 15 30 60 120 240 480 900 1800 3600 7200,343 8600 91096 90559 182310 308689 371832 204506 0 137 0
elizabeth,elizabeth,6970606,6970606,6473397,92.867,494907,304130,61.452,7080,7140,0 15 30 60 120 240 480 900 1800 3600 7200,18178 15065 30506 62459 124632 245785 433960 907016 1791265 3341406 334
hammersmith-city,tube,1205099,0,0,0.0,176154,0,0.0,1590,1770,0 15 30 60 120 240 480 900 1800 3600 7200,8076 9742 21781 42090 82881 172042 307414 560942 131 0 0
jubilee,tube,1646676,0,0,0.0,163102,0,0.0,1410,1770,0 15 30 60 120 240 480 900 1800 3600 7200,12426 13957 29338 74837 146967 285745 424280 658685 441 0 0
liberty,overground,58165,58165,53988,92.819,30569,27240,89.11,7080,7140,0 15 30 60 120 240 480 900 1800 3600 7200,277 128 281 531 994 1962 3441 7289 14568 28694 0
lioness,overground,1264471,1264471,1175753,92.984,97164,64440,66.321,7110,7140,0 15 30 60 120 240 480 900 1800 3600 7200,2767 2583 5403 11244 22266 44313 78837 160451 317961 618646 0
metropolitan,tube,1035244,0,0,0.0,179528,0,0.0,630,1620,0 15 30 60 120 240 480 900 1800 3600 7200,9932 11124 23360 47634 96439 202341 283168 360970 276 0 0
mildmay,overground,3343753,3343753,3104706,92.851,262165,170260,64.944,7080,7140,0 15 30 60 120 240 480 900 1800 3600 7200,7477 7119 15084 30869 59515 118702 205199 426799 848585 1624404 0
northern,tube,3489586,0,0,0.0,317615,0,0.0,1590,1770,0 15 30 60 120 240 480 900 1800 3600 7200,38424 41861 81260 150490 305256 596225 874085 1401513 472 0 0
piccadilly,tube,2711380,0,0,0.0,245124,0,0.0,1680,1770,0 15 30 60 120 240 480 900 1800 3600 7200,18518 20810 47288 104776 204580 444969 679484 1190407 548 0 0
rb1,other,182891,0,0,0.0,32147,0,0.0,3540,3570,0 15 30 60 120 240 480 900 1800 3600 7200,772 759 1529 3054 6220 12348 21517 46195 90493 4 0
rb6,other,185886,0,0,0.0,34321,0,0.0,3540,3570,0 15 30 60 120 240 480 900 1800 3600 7200,732 780 1496 3115 6244 12494 21841 46996 92180 8 0
suffragette,overground,792528,792528,737253,93.025,85886,60809,70.802,7080,7140,0 15 30 60 120 240 480 900 1800 3600 7200,2191 1603 3285 6874 13848 27407 47795 100773 199581 389171 0
tram,tram,888824,0,0,0.0,101865,0,0.0,1110,1770,0 15 30 60 120 240 480 900 1800 3600 7200,6732 7702 16119 35797 78834 164766 257741 305715 15260 114 44
victoria,tube,669578,0,0,0.0,81899,0,0.0,840,1650,0 15 30 60 120 240 480 900 1800 3600 7200,8956 10512 19564 37974 75785 137236 185471 193958 122 0 0
waterloo-city,tube,13954,0,0,0.0,8870,0,0.0,150,180,0 15 30 60 120 240 480 900 1800 3600 7200,1301 1339 2024 3791 5499 0 0 0 0 0 0
weaver,overground,1725746,1725746,1602555,92.862,183573,134664,73.357,7080,7140,0 15 30 60 120 240 480 900 1800 3600 7200,4662 3601 7405 15853 30732 60787 106655 220259 436910 838882 0
windrush,overground,4248690,4248690,3948667,92.938,363113,254916,70.203,7080,7140,0 15 30 60 120 240 480 900 1800 3600 7200,9726 9053 18727 37761 74887 149502 262438 540585 1073416 2072595 0
