line,class,rows
bakerloo,approaching,163
bakerloo,approaching-own,2077
bakerloo,at,1844
bakerloo,between,2038
bakerloo,left,808
bakerloo,other,609
bakerloo,sidings,1086
central,approaching,243
central,approaching-own,4821
central,at,2186
central,at-own,4962
central,between,9464
central,left,679
central,other,1
central,sidings,4
circle,approaching,81
circle,approaching-own,834
circle,at,1469
circle,at-own,49
circle,between,1390
circle,left,415
circle,other,15
district,approaching,489
district,approaching-own,8122
district,at,6071
district,at-own,596
district,between,7035
district,empty,63
district,left,3181
district,other,69
district,sidings,33
dlr,empty,448
elizabeth,empty,18651
hammersmith-city,approaching,270
hammersmith-city,approaching-own,1618
hammersmith-city,at,2473
hammersmith-city,at-own,499
hammersmith-city,between,2718
hammersmith-city,empty,91
hammersmith-city,left,671
hammersmith-city,other,258
hammersmith-city,sidings,24
jubilee,approaching,15
jubilee,approaching-own,4472
jubilee,at,1799
jubilee,at-own,43
jubilee,between,6413
jubilee,empty,55
jubilee,leaving,358
jubilee,left,147
liberty,empty,279
lioness,empty,2899
metropolitan,approaching,16
metropolitan,approaching-own,3039
metropolitan,at,1576
metropolitan,at-own,1306
metropolitan,between,4269
metropolitan,empty,27
metropolitan,left,331
metropolitan,other,158
metropolitan,sidings,55
mildmay,empty,7725
northern,approaching,248
northern,approaching-own,8398
northern,at,9768
northern,at-own,1870
northern,between,18650
northern,departed,1446
northern,empty,230
northern,leaving,1
northern,left,656
northern,other,348
northern,sidings,117
piccadilly,approaching,705
piccadilly,approaching-own,3513
piccadilly,at,3199
piccadilly,at-own,431
piccadilly,between,11033
piccadilly,empty,728
piccadilly,left,442
piccadilly,other,37
piccadilly,sidings,22
rb1,empty,805
rb6,empty,773
suffragette,empty,2226
tram,empty,7088
victoria,approaching,11
victoria,approaching-own,2107
victoria,at,856
victoria,at-own,749
victoria,between,4769
victoria,departed,449
victoria,empty,1
victoria,left,1
victoria,other,275
victoria,sidings,489
waterloo-city,approaching-own,152
waterloo-city,at,204
waterloo-city,between,951
waterloo-city,empty,40
waterloo-city,other,63
weaver,empty,4813
windrush,empty,10080
