line,class,transitions
bakerloo,between,7152
bakerloo,left,3843
central,between,35711
central,left,7654
circle,between,5297
circle,left,2215
district,between,25513
district,leaving,51
district,left,15781
hammersmith-city,between,17336
hammersmith-city,left,8261
jubilee,between,23163
jubilee,leaving,3930
jubilee,left,4096
metropolitan,between,10095
metropolitan,leaving,262
metropolitan,left,4022
northern,between,41579
northern,departed,12288
northern,leaving,3
northern,left,3542
piccadilly,between,35468
piccadilly,leaving,94
piccadilly,left,5934
victoria,between,12184
victoria,departed,1065
victoria,left,102
waterloo-city,between,613
waterloo-city,left,114
