line,mode,measure,n,p10,p50,p90
bakerloo,tube,at_own,0,,,
bakerloo,tube,app_own,7005,5,25,75
bakerloo,tube,dep_tts,10995,10,45,90
central,tube,at_own,9328,0,15,25
central,tube,app_own,9613,0,15,30
central,tube,dep_tts,43365,20,65,135
circle,tube,at_own,71,0,10,20
circle,tube,app_own,1607,0,15,35
circle,tube,dep_tts,7512,10,45,160
district,tube,at_own,1504,5,15,300
district,tube,app_own,14771,0,15,45
district,tube,dep_tts,41345,15,55,175
dlr,dlr,at_own,0,,,
dlr,dlr,app_own,0,,,
dlr,dlr,dep_tts,0,,,
elizabeth,elizabeth,at_own,0,,,
elizabeth,elizabeth,app_own,0,,,
elizabeth,elizabeth,dep_tts,0,,,
hammersmith-city,tube,at_own,2281,5,300,300
hammersmith-city,tube,app_own,3969,0,15,50
hammersmith-city,tube,dep_tts,25597,25,130,1200
jubilee,tube,at_own,84,0,10,25
jubilee,tube,app_own,10724,0,15,50
jubilee,tube,dep_tts,31189,20,65,125
liberty,overground,at_own,0,,,
liberty,overground,app_own,0,,,
liberty,overground,dep_tts,0,,,
lioness,overground,at_own,0,,,
lioness,overground,app_own,0,,,
lioness,overground,dep_tts,0,,,
metropolitan,tube,at_own,2648,5,15,25
metropolitan,tube,app_own,8183,5,20,45
metropolitan,tube,dep_tts,14379,20,85,285
mildmay,overground,at_own,0,,,
mildmay,overground,app_own,0,,,
mildmay,overground,dep_tts,0,,,
northern,tube,at_own,3334,0,10,25
northern,tube,app_own,15038,0,15,40
northern,tube,dep_tts,57412,10,50,120
piccadilly,tube,at_own,802,0,15,25
piccadilly,tube,app_own,7174,0,15,35
piccadilly,tube,dep_tts,41496,15,70,165
rb1,other,at_own,0,,,
rb1,other,app_own,0,,,
rb1,other,dep_tts,0,,,
rb6,other,at_own,0,,,
rb6,other,app_own,0,,,
rb6,other,dep_tts,0,,,
suffragette,overground,at_own,0,,,
suffragette,overground,app_own,0,,,
suffragette,overground,dep_tts,0,,,
tram,tram,at_own,0,,,
tram,tram,app_own,0,,,
tram,tram,dep_tts,0,,,
victoria,tube,at_own,1660,0,15,25
victoria,tube,app_own,5579,5,20,45
victoria,tube,dep_tts,13351,15,50,120
waterloo-city,tube,at_own,0,,,
waterloo-city,tube,app_own,354,0,15,30
waterloo-city,tube,dep_tts,727,95,140,175
weaver,overground,at_own,0,,,
weaver,overground,app_own,0,,,
weaver,overground,dep_tts,0,,,
windrush,overground,at_own,0,,,
windrush,overground,app_own,0,,,
windrush,overground,dep_tts,0,,,
