line,kind,rows,rows_pct,train_life_p50,train_life_p90,id_changes_pct
bakerloo,vid,955593,100.0,137,412,0.0
central,vid,2341762,100.0,105,471,0.0
circle,loc,93,0.018,20,24,0.0
circle,vid,527417,99.982,54,113,0.0
district,loc,6223,0.321,2,5,0.0
district,tt,418,0.022,2,6,0.0
district,vid,1929854,99.657,90,223,0.0
dlr,dlr,1258072,100.0,37,600,0.0
elizabeth,vid,6970606,100.0,223,263,0.0
hammersmith-city,loc,126,0.01,2,6,0.0
hammersmith-city,tt,9,0.001,1,1,0.0
hammersmith-city,vid,1204964,99.989,36,136,0.0
jubilee,loc,20103,1.221,2,6,0.0
jubilee,tt,52,0.003,1,2,0.0
jubilee,vid,1626521,98.776,126,314,0.0
liberty,vid,58165,100.0,159,173,0.0
lioness,vid,1264471,100.0,212,229,0.0
metropolitan,loc,229148,22.135,2,5,0.0
metropolitan,tt,29314,2.832,10,338,0.0
metropolitan,vid,776782,75.034,51,151,0.0
mildmay,vid,3343753,100.0,221,245,0.0
northern,vid,3489586,100.0,195,600,0.0
piccadilly,loc,1143,0.042,2,3,0.0
piccadilly,tt,56,0.002,1,2,0.0
piccadilly,vid,2710181,99.956,112,278,0.0
rb1,vid,182891,100.0,164,198,0.0
rb6,vid,185886,100.0,170,213,0.0
suffragette,vid,792528,100.0,199,215,0.0
tram,vid,888824,100.0,97,527,0.0
victoria,vid,669578,100.0,81,564,0.0
waterloo-city,vid,13954,100.0,44,324,0.0
weaver,vid,1725746,100.0,190,210,0.0
windrush,vid,4248690,100.0,201,224,0.0
