deployment,endpoint,path,round,sampled_at_utc,status,raw_bytes,gzip_wire_bytes,br_wire_bytes,records,count_basis,ttfb_ms,total_ms,gzip_total_ms,x-cache,cf-cache-status,age,cache-control,content-encoding,content-type,error
dubai,health,/health,1,2026-09-29T22:24:37Z,200,856,353,349,31,keys of components,280,280,317,,DYNAMIC,,,br,application/json; charset=utf-8,
dubai,capabilities,/api/capabilities,1,2026-09-29T22:24:40Z,200,539,326,319,18,keys of layers,375,376,360,,DYNAMIC,,,br,application/json; charset=utf-8,
dubai,buses,/api/buses,1,2026-09-29T22:24:42Z,200,2,,,0,array length,327,328,331,,DYNAMIC,,,,application/json; charset=utf-8,
dubai,diversions,/api/diversions,1,2026-09-29T22:24:44Z,200,38,,,0,events[],389,390,304,,DYNAMIC,,"public, max-age=60",,application/json; charset=utf-8,
dubai,coverage,/api/coverage,1,,404,,,,,,,,,,,,,,,non-200
dubai,vessels,/api/vessels,1,2026-09-29T22:24:49Z,200,2,,,0,array length,316,317,267,,DYNAMIC,,,,application/json; charset=utf-8,
dubai,aircraft,/api/aircraft,1,,502,,,,,,,,,,,,,,,non-200
dubai,bikes (GBFS),/api/bikes,1,2026-09-29T22:24:53Z,200,19291,5397,5714,213,array length,327,327,347,,DYNAMIC,,,br,application/json; charset=utf-8,
dubai,leaderboard day/bus,/api/leaderboard,1,2026-09-29T22:24:55Z,200,75,88,68,0,top[],299,300,295,,DYNAMIC,,,br,application/json; charset=utf-8,
dubai,leaderboard day/train,/api/leaderboard,1,2026-09-29T22:24:57Z,200,77,90,73,0,top[],307,307,336,,DYNAMIC,,,br,application/json; charset=utf-8,
dubai,leaderboard day/ship,/api/leaderboard,1,2026-09-29T22:25:00Z,200,76,89,72,0,top[],348,348,326,,DYNAMIC,,,br,application/json; charset=utf-8,
dubai,tide-gauges,/api/tide-gauges,1,2026-09-29T22:25:02Z,200,2,,,0,array length,289,290,294,,DYNAMIC,,,,application/json; charset=utf-8,
dubai,bus-routes-index,/api/bus-routes-index,1,2026-09-29T22:25:04Z,200,2,,,0,array length,262,263,285,,DYNAMIC,,,,application/json; charset=utf-8,
dubai,static manifest.json,/manifest.json,1,2026-09-29T22:25:06Z,200,811,342,321,4,lines[],265,266,329,,DYNAMIC,,"public, max-age=0",br,application/json; charset=utf-8,
dubai,static branches/red.json,/branches/red.json,1,,404,,,,,,,,,,,,,,,non-200
dubai,static lines/red.json,/lines/red.json,1,2026-09-29T22:25:11Z,200,9438,2828,2737,2,features[],278,279,309,,DYNAMIC,,"public, max-age=0",br,application/json; charset=utf-8,
dubai,static stations/red.json,/stations/red.json,1,2026-09-29T22:25:13Z,200,5317,941,915,34,features[],298,300,368,,DYNAMIC,,"public, max-age=0",br,application/json; charset=utf-8,
dubai,health,/health,2,2026-09-29T22:25:34Z,200,856,353,349,31,keys of components,275,276,259,,DYNAMIC,,,br,application/json; charset=utf-8,
dubai,capabilities,/api/capabilities,2,2026-09-29T22:25:37Z,200,539,326,319,18,keys of layers,346,347,309,,DYNAMIC,,,br,application/json; charset=utf-8,
dubai,buses,/api/buses,2,2026-09-29T22:25:39Z,200,2,,,0,array length,285,288,262,,DYNAMIC,,,,application/json; charset=utf-8,
dubai,diversions,/api/diversions,2,2026-09-29T22:25:41Z,200,38,,,0,events[],316,321,318,,DYNAMIC,,"public, max-age=60",,application/json; charset=utf-8,
dubai,coverage,/api/coverage,2,,404,,,,,,,,,,,,,,,non-200
dubai,vessels,/api/vessels,2,2026-09-29T22:25:46Z,200,2,,,0,array length,274,275,285,,DYNAMIC,,,,application/json; charset=utf-8,
dubai,aircraft,/api/aircraft,2,,502,,,,,,,,,,,,,,,non-200
dubai,bikes (GBFS),/api/bikes,2,2026-09-29T22:25:50Z,200,19290,5395,5706,213,array length,270,278,283,,DYNAMIC,,,br,application/json; charset=utf-8,
dubai,leaderboard day/bus,/api/leaderboard,2,2026-09-29T22:25:52Z,200,75,88,68,0,top[],288,305,340,,DYNAMIC,,,br,application/json; charset=utf-8,
dubai,leaderboard day/train,/api/leaderboard,2,2026-09-29T22:25:54Z,200,77,90,73,0,top[],297,298,294,,DYNAMIC,,,br,application/json; charset=utf-8,
dubai,leaderboard day/ship,/api/leaderboard,2,2026-09-29T22:25:57Z,200,76,89,72,0,top[],294,295,278,,DYNAMIC,,,br,application/json; charset=utf-8,
dubai,tide-gauges,/api/tide-gauges,2,2026-09-29T22:25:59Z,200,2,,,0,array length,282,313,334,,DYNAMIC,,,,application/json; charset=utf-8,
dubai,bus-routes-index,/api/bus-routes-index,2,2026-09-29T22:26:01Z,200,2,,,0,array length,259,260,282,,DYNAMIC,,,,application/json; charset=utf-8,
dubai,static manifest.json,/manifest.json,2,2026-09-29T22:26:03Z,200,811,342,321,4,lines[],319,321,310,,DYNAMIC,,"public, max-age=0",br,application/json; charset=utf-8,
dubai,static branches/red.json,/branches/red.json,2,,404,,,,,,,,,,,,,,,non-200
dubai,static lines/red.json,/lines/red.json,2,2026-09-29T22:26:08Z,200,9438,2828,2737,2,features[],298,303,255,,DYNAMIC,,"public, max-age=0",br,application/json; charset=utf-8,
dubai,static stations/red.json,/stations/red.json,2,2026-09-29T22:26:10Z,200,5317,941,915,34,features[],297,298,271,,DYNAMIC,,"public, max-age=0",br,application/json; charset=utf-8,
dubai,health,/health,3,2026-09-29T22:26:31Z,200,856,353,349,31,keys of components,288,293,295,,DYNAMIC,,,br,application/json; charset=utf-8,
dubai,capabilities,/api/capabilities,3,2026-09-29T22:26:33Z,200,539,326,319,18,keys of layers,254,255,281,,DYNAMIC,,,br,application/json; charset=utf-8,
dubai,buses,/api/buses,3,2026-09-29T22:26:36Z,200,2,,,0,array length,266,267,265,,DYNAMIC,,,,application/json; charset=utf-8,
dubai,diversions,/api/diversions,3,2026-09-29T22:26:38Z,200,38,,,0,events[],294,295,297,,DYNAMIC,,"public, max-age=60",,application/json; charset=utf-8,
dubai,coverage,/api/coverage,3,,404,,,,,,,,,,,,,,,non-200
dubai,vessels,/api/vessels,3,2026-09-29T22:26:42Z,200,2,,,0,array length,290,291,293,,DYNAMIC,,,,application/json; charset=utf-8,
dubai,aircraft,/api/aircraft,3,,502,,,,,,,,,,,,,,,non-200
dubai,bikes (GBFS),/api/bikes,3,2026-09-29T22:26:47Z,200,19290,5397,5707,213,array length,323,324,279,,DYNAMIC,,,br,application/json; charset=utf-8,
dubai,leaderboard day/bus,/api/leaderboard,3,2026-09-29T22:26:49Z,200,75,88,68,0,top[],275,295,258,,DYNAMIC,,,br,application/json; charset=utf-8,
dubai,leaderboard day/train,/api/leaderboard,3,2026-09-29T22:26:51Z,200,77,90,73,0,top[],294,295,287,,DYNAMIC,,,br,application/json; charset=utf-8,
dubai,leaderboard day/ship,/api/leaderboard,3,2026-09-29T22:26:53Z,200,76,89,72,0,top[],294,298,257,,DYNAMIC,,,br,application/json; charset=utf-8,
dubai,tide-gauges,/api/tide-gauges,3,2026-09-29T22:26:56Z,200,2,,,0,array length,278,279,303,,DYNAMIC,,,,application/json; charset=utf-8,
dubai,bus-routes-index,/api/bus-routes-index,3,2026-09-29T22:26:58Z,200,2,,,0,array length,296,297,261,,DYNAMIC,,,,application/json; charset=utf-8,
dubai,static manifest.json,/manifest.json,3,2026-09-29T22:27:00Z,200,811,342,321,4,lines[],297,299,298,,DYNAMIC,,"public, max-age=0",br,application/json; charset=utf-8,
dubai,static branches/red.json,/branches/red.json,3,,404,,,,,,,,,,,,,,,non-200
dubai,static lines/red.json,/lines/red.json,3,2026-09-29T22:27:04Z,200,9438,2828,2737,2,features[],282,282,264,,DYNAMIC,,"public, max-age=0",br,application/json; charset=utf-8,
dubai,static stations/red.json,/stations/red.json,3,2026-09-29T22:27:07Z,200,5317,941,915,34,features[],253,254,281,,DYNAMIC,,"public, max-age=0",br,application/json; charset=utf-8,
