stream,upstream,transport,poll_interval_s,trigger,wire_bytes_per_poll,decoded_bytes_per_poll,records_per_poll,record_unit,records_per_s,wire_bytes_per_s,decoded_bytes_per_s,wire_bytes_per_day,decoded_bytes_per_day,measured_utc,method,caveat
bus positions,"DfT BODS SIRI-VM datafeed, London bbox","HTTPS GET, gzip, XML",15,"timer, unconditional (bods-client.ts POLL_INTERVAL_MS)",1113296,7262015,8273,VehicleActivity element,551.53,74219.73,484134.33,6412584960,41829206400,2026-09-29T22:33:15Z..2026-09-29T22:33:46Z,"3 direct polls for size; cadence from the local run: 24 requests in 360 s, median logged interval 14.97 s","measured 23:33 BST: only 3221 of 8273 elements were newer than 5 min (the rest are dropped by the parser), and the local run kept 3314 vehicles per poll; by day the kept count is about 9-10 thousand (memory-fit.json, by hour)"
"bus positions, after de-duplication (new fixes only)",derived from the stream above,in process,15,every bus poll; a fix is kept when RecordedAtTime changed,,88851,1026.2,GPS fix,68.41,,5923.4,,511781759,2026-09-29T22:14Z..22:27Z,"trace file written by the local run: 53364 lines, 4620262 bytes in 52 polls","night-time; the first poll writes every vehicle once, which inflates the mean by about 6 %"
train arrival predictions (no viewer),TfL Unified API /Line/{25 ids}/Arrivals,"HTTPS GET, gzip, JSON",15.0,"leaderboard sampler, 15 s, through the 8 s cache shared with /api/arrivals",179097,4143133,4487,prediction,299.13,11939.8,276208.87,1031598719,23864446079,2026-09-29T22:34:36Z..2026-09-29T22:35:05Z,3 direct polls for size; cadence from the local run quiet phase (24 requests in 360 s); undici counted 204368 wire bytes per request,327 distinct vehicleIds behind 4487 predictions at 23:35 BST; production served 5187 predictions in 4787457 bytes 15 min earlier
train arrival predictions (one viewer polling at 10 s),TfL Unified API /Line/{25 ids}/Arrivals,"HTTPS GET, gzip, JSON",8.8,sampler + viewer misses on the 8 s cache; floor is one fetch per 8 s however many viewers,179097,4143133,4487,prediction,509.89,20351.93,470810.57,1758406909,40678033090,2026-09-29T22:34:36Z..2026-09-29T22:35:05Z,cadence from the local run viewer phase (41 requests in 360 s),"in production Cloudflare sits in front, so viewer count does not translate one-to-one into origin requests"
National Rail departure boards,Darwin LDBWS GetDepBoardWithDetails (Rail Data Marketplace),"HTTPS GET, identity, JSON",15.0,"nr-sampler.ts: one of 17 hubs per 15 s leaderboard sample, 45 s cache",86922,86922,19,train service,1.27,5794.8,5794.8,500670720,500670720,2026-09-29T22:15Z..22:27Z,"bytes and cadence from the local run (undici counters, response is not compressed so wire = decoded); records from production /api/nr-board for VIC and CLJ",upstream answered HTTP 500 for WAT throughout (production /api/nr-board?crs=WAT also 500); the proxy reshapes a board to about 14237 bytes before serving it
"rail line status, 7-day window with detail",TfL /Line/{20 ids}/Status/{from}/to/{to},"HTTPS GET, gzip, JSON",120.0,"status recorder, every 2 min (status-recorder.ts pollMs)",13164,359259,20,line,0.17,109.7,2993.82,9478080,258666479,2026-09-29T22:35:08Z..2026-09-29T22:35:08Z,1 direct poll for size; cadence from the local run quiet phase (3 in 360 s),one viewer adds /api/disruptions fetches on top (90 s poll): 7 requests in 360 s in the viewer phase
rail line status by mode (no detail),TfL /Line/Mode/{modes}/Status,"HTTPS GET, gzip, JSON",120.0,"status recorder, every 2 min (status-recorder.ts pollMs), alongside the window form",1571,,,line,,13.09,,1131120,,2026-09-29T22:15Z..22:27Z,"local run, undici counters (wire bytes only)",decoded size not measured
road disruptions,TfL /Road/all/Disruption,"HTTPS GET, gzip, JSON",120,"on demand: /api/road-disruptions, 120 s cache; plus the archive recorder every 6 h",35236,288112,129,disruption,1.07,293.63,2400.93,25369920,207440640,2026-09-29T22:35:09Z..2026-09-29T22:35:09Z,"1 direct poll for size; interval is the cache TTL, i.e. the fastest the upstream can be asked","with no viewer only the 6-hourly recorder asks: none in the quiet phase, 2 in 360 s with one viewer"
bus stop closures,TfL /StopPoint/Mode/bus/Disruption,"HTTPS GET, gzip, JSON",300,"on demand: /api/bus-stop-closures, viewers poll at 300 s",11497,155603,375,stop disruption,1.25,38.32,518.68,3311135,44813663,2026-09-29T22:35:09Z..2026-09-29T22:35:09Z,1 direct poll for size; interval is the viewer poll interval,"stop ids missing from the baked gazetteer cost extra /StopPoint/{ids} lookups: 14 on the first request of the first local run, none once the resolved ids had been written back"
tide gauges,Environment Agency flood-monitoring API,"HTTPS GET, gzip, JSON",300,"on demand: /api/tide-gauges, 300 s cache; one refresh = 1 readings + 10 per-station requests",7960,,10,gauge,0.03,26.53,,2292480,,2026-09-29T22:21Z..22:27Z,"local run viewer phase, undici counters (wire bytes); records from production",plus a 24 KB station catalogue once an hour; decoded size not measured
vessel positions,aisstream.io,WebSocket push,,continuous stream,,,66,vessel in table (not messages),,,,,,2026-09-29T22:16:59Z..2026-09-29T22:22:41Z,table size from production /api/vessels,inbound message rate and bytes NOT measured: the stream is a WebSocket and neither the log nor undici's request counters see its frames
aircraft positions,"airplanes.live, fallback adsb.lol","HTTPS GET, JSON",,"on demand: /api/aircraft, 4 s cache, viewers poll at 5 s; no rate given, the feed is down",,58635,113,aircraft,,,,,,2026-09-29T22:17:01Z..2026-09-29T22:22:43Z,size of the body production serves; both upstreams answered HTTP 403 from the measuring machine,"NOT LIVE: production answers x-cache: stale and the body's own timestamp is 2026-08-21, 39 days old. The size is that of the last good response, not of today's traffic"
docked bikes (GBFS),not configured for London (GBFS_URL unset),"HTTPS GET, JSON",60,timer (gbfs-client.ts STATUS_POLL_MS) when configured,,,0,station,0.0,,,,,2026-09-29T22:17:04Z..2026-09-29T22:22:45Z,production /api/bikes returns [],"Dubai runs this feed: 213 stations, 19 KB served (endpoints-dubai.csv); upstream size not measured"
